ID Review,Submitted At,ID Reviewer,Reviewer,State,ID Commit
2247732693,2024-08-20 11:28:15+00:00,179599,ThiefMaster,COMMENTED,930d4f265da0cae7d1b150ea3458978d454f4bb8
2247774156,2024-08-20 11:50:14+00:00,156838,RonnyPfannschmidt,COMMENTED,118181fec311041123607bd804f7e06f8b35d7ab
2247776174,2024-08-20 11:51:11+00:00,72923562,40gilad,COMMENTED,930d4f265da0cae7d1b150ea3458978d454f4bb8
2222613831,2024-08-07 04:40:14+00:00,425026,brendon-codes,COMMENTED,eeae10c14225bd33cdec4d8bcebd0ebe162e8d4d
2222391145,2024-08-06 23:33:17+00:00,1242887,davidism,COMMENTED,adbc23dcb8f811f3d9866303a6202ab5534c2bcd
2222392280,2024-08-06 23:34:45+00:00,1242887,davidism,COMMENTED,adbc23dcb8f811f3d9866303a6202ab5534c2bcd
2222406051,2024-08-06 23:53:55+00:00,425026,brendon-codes,COMMENTED,adbc23dcb8f811f3d9866303a6202ab5534c2bcd
2222409060,2024-08-06 23:58:07+00:00,425026,brendon-codes,COMMENTED,adbc23dcb8f811f3d9866303a6202ab5534c2bcd
2222420963,2024-08-07 00:14:02+00:00,1242887,davidism,COMMENTED,adbc23dcb8f811f3d9866303a6202ab5534c2bcd
2222422623,2024-08-07 00:16:22+00:00,1242887,davidism,COMMENTED,adbc23dcb8f811f3d9866303a6202ab5534c2bcd
2222424953,2024-08-07 00:19:11+00:00,425026,brendon-codes,COMMENTED,adbc23dcb8f811f3d9866303a6202ab5534c2bcd
2222427433,2024-08-07 00:22:36+00:00,1242887,davidism,COMMENTED,adbc23dcb8f811f3d9866303a6202ab5534c2bcd
2222431881,2024-08-07 00:28:27+00:00,425026,brendon-codes,COMMENTED,adbc23dcb8f811f3d9866303a6202ab5534c2bcd
2168872731,2024-07-10 11:56:13+00:00,179599,ThiefMaster,COMMENTED,8230149e521a0005c54b5321a9abe8b46a8bdd31
2105009219,2024-06-07 16:56:31+00:00,1242887,davidism,APPROVED,4ecd11cc1d3dca3d8175bde554b480a7950df2a2
1771502901,2023-12-08 04:07:24+00:00,9525360,MichaelArnoldOwens,COMMENTED,ea709bb58f06cf6046027abaf2d826c9ee23eae5
1730378203,2023-11-14 17:54:06+00:00,1242887,davidism,APPROVED,7d25ebb7441b36c3628960c0abb66d26b9389c90
1869203769,2024-02-08 03:22:26+00:00,158611736,1shaperformance,COMMENTED,cfdb245815930a6a7bd65785c99942002b7017a8
1468201914,2023-06-07 17:21:44+00:00,1391482,pgjones,COMMENTED,4df4302e6ed865a96de98f5ac8208692b583a2ce
1585675683,2023-08-19 15:23:48+00:00,1242887,davidism,COMMENTED,751777fbd80d83f619bfe21ae00f69887f1e9276
1585704104,2023-08-19 17:35:38+00:00,1391482,pgjones,COMMENTED,751777fbd80d83f619bfe21ae00f69887f1e9276
1398968667,2023-04-25 00:35:49+00:00,131723678,chithub22,COMMENTED,8f75a7e77c295b41dddb27a9c222a339c7eadf26
1376163951,2023-04-07 12:45:24+00:00,179599,ThiefMaster,COMMENTED,a53835a3e0e932d618a330921bca067def24ad4f
1376232297,2023-04-07 14:02:38+00:00,70049031,abulaman8,COMMENTED,a53835a3e0e932d618a330921bca067def24ad4f
1376234382,2023-04-07 14:04:40+00:00,179599,ThiefMaster,COMMENTED,a53835a3e0e932d618a330921bca067def24ad4f
1376236445,2023-04-07 14:06:54+00:00,1242887,davidism,COMMENTED,a53835a3e0e932d618a330921bca067def24ad4f
1376237767,2023-04-07 14:08:21+00:00,70049031,abulaman8,COMMENTED,a53835a3e0e932d618a330921bca067def24ad4f
1376238442,2023-04-07 14:09:03+00:00,1242887,davidism,COMMENTED,a53835a3e0e932d618a330921bca067def24ad4f
1376239303,2023-04-07 14:09:57+00:00,179599,ThiefMaster,COMMENTED,a53835a3e0e932d618a330921bca067def24ad4f
1376240323,2023-04-07 14:11:02+00:00,1242887,davidism,COMMENTED,a53835a3e0e932d618a330921bca067def24ad4f
1376325979,2023-04-07 15:39:13+00:00,70049031,abulaman8,COMMENTED,a53835a3e0e932d618a330921bca067def24ad4f
1376467219,2023-04-07 18:31:58+00:00,1242887,davidism,COMMENTED,9e52a9f8685c2d23c59f6ab6dc9040f335ad1fc3
1309318293,2023-02-22 14:08:33+00:00,156838,RonnyPfannschmidt,COMMENTED,520d949c62771fa01aa3985f0405691b7943825c
1309318996,2023-02-22 14:13:19+00:00,1242887,davidism,CHANGES_REQUESTED,09f407e78d03ff6874167becc6bc2584c5f21074
1309328782,2023-02-22 14:14:03+00:00,1242887,davidism,COMMENTED,520d949c62771fa01aa3985f0405691b7943825c
1311982269,2023-02-23 19:13:03+00:00,1242887,davidism,APPROVED,b10b6d4af1127fdfb0a74221af0c020ced71fece
1294328956,2023-02-11 00:42:11+00:00,55098699,emisargent,COMMENTED,f378540760bc062c6acab6df55d384b4120c20d4
1294329826,2023-02-11 00:45:00+00:00,55098699,emisargent,COMMENTED,f378540760bc062c6acab6df55d384b4120c20d4
1294330105,2023-02-11 00:46:03+00:00,55098699,emisargent,COMMENTED,f378540760bc062c6acab6df55d384b4120c20d4
1294330443,2023-02-11 00:47:02+00:00,55098699,emisargent,COMMENTED,f378540760bc062c6acab6df55d384b4120c20d4
1299715142,2023-02-15 15:22:50+00:00,1242887,davidism,COMMENTED,f378540760bc062c6acab6df55d384b4120c20d4
1299740115,2023-02-15 15:35:32+00:00,1242887,davidism,COMMENTED,fd3d0ae160a0c74e928286a46d6f81f6e183a7c7
1299742582,2023-02-15 15:36:46+00:00,1242887,davidism,COMMENTED,fd3d0ae160a0c74e928286a46d6f81f6e183a7c7
1302463983,2023-02-17 00:12:17+00:00,55098699,emisargent,COMMENTED,b533c23361866250480fc460b69e759f8885f98d
1302472146,2023-02-17 00:24:59+00:00,1242887,davidism,COMMENTED,f378540760bc062c6acab6df55d384b4120c20d4
1302478394,2023-02-17 00:34:48+00:00,55098699,emisargent,COMMENTED,f378540760bc062c6acab6df55d384b4120c20d4
1302487863,2023-02-17 00:45:00+00:00,1242887,davidism,COMMENTED,f378540760bc062c6acab6df55d384b4120c20d4
1304033262,2023-02-17 18:44:08+00:00,55098699,emisargent,COMMENTED,fd3d0ae160a0c74e928286a46d6f81f6e183a7c7
1304069248,2023-02-17 19:05:51+00:00,1242887,davidism,COMMENTED,fd3d0ae160a0c74e928286a46d6f81f6e183a7c7
1304414100,2023-02-18 01:24:09+00:00,55098699,emisargent,COMMENTED,b015c6b21edd99091ae4e699a96334949679315f
1304671951,2023-02-18 22:04:14+00:00,124320467,Bknight010723,COMMENTED,b015c6b21edd99091ae4e699a96334949679315f
1313869742,2023-02-24 16:37:00+00:00,24955913,samruddhikhandale,COMMENTED,3197283fbb26b15bf6a2a831b64d344709500932
1313890673,2023-02-24 16:44:43+00:00,55098699,emisargent,COMMENTED,3197283fbb26b15bf6a2a831b64d344709500932
1313937140,2023-02-24 17:10:44+00:00,24955913,samruddhikhandale,COMMENTED,5cdb646f2812cf5f5a42d3d89772ba8f337a4354
1314030455,2023-02-24 17:58:39+00:00,55098699,emisargent,COMMENTED,dc003f3e041c33c3537adca6b1cdb45a969038d8
1333654293,2023-03-09 19:45:09+00:00,9445180,craiglpeters,COMMENTED,dc003f3e041c33c3537adca6b1cdb45a969038d8
1335754668,2023-03-10 23:53:29+00:00,55098699,emisargent,COMMENTED,dc003f3e041c33c3537adca6b1cdb45a969038d8
1346847678,2023-03-18 00:25:47+00:00,1242887,davidism,COMMENTED,35e9d5a78321ea0a871e9c9440da26a41c789075
1349551756,2023-03-21 00:06:12+00:00,55098699,emisargent,COMMENTED,35e9d5a78321ea0a871e9c9440da26a41c789075
1236206509,2023-01-04 17:07:43+00:00,1242887,davidism,APPROVED,aa23376275025368fcd3f10c44f7ffc0d8c7139c
1236287140,2023-01-04 18:06:25+00:00,1391482,pgjones,COMMENTED,aa23376275025368fcd3f10c44f7ffc0d8c7139c
1236287251,2023-01-04 18:06:31+00:00,1391482,pgjones,COMMENTED,aa23376275025368fcd3f10c44f7ffc0d8c7139c
1183826066,2022-11-17 08:03:25+00:00,22630684,Abdur-rahmaanJ,COMMENTED,2a605341d3dcc5e8fbbdd3d0cdd71792784ec5c9
1183883986,2022-11-17 08:46:44+00:00,26230198,praveen2010,COMMENTED,2a605341d3dcc5e8fbbdd3d0cdd71792784ec5c9
1183887507,2022-11-17 08:49:11+00:00,179599,ThiefMaster,COMMENTED,2a605341d3dcc5e8fbbdd3d0cdd71792784ec5c9
1169449580,2022-11-05 17:47:39+00:00,1391482,pgjones,COMMENTED,b0be2afd58f700d3d53989a59a22be1e693c256b
1169491533,2022-11-05 18:48:57+00:00,22542909,confuzeus,COMMENTED,b0be2afd58f700d3d53989a59a22be1e693c256b
1169502329,2022-11-05 20:43:29+00:00,1391482,pgjones,COMMENTED,b0be2afd58f700d3d53989a59a22be1e693c256b
1169558447,2022-11-06 09:26:33+00:00,22542909,confuzeus,COMMENTED,b0be2afd58f700d3d53989a59a22be1e693c256b
1222002558,2022-12-18 11:25:30+00:00,1391482,pgjones,COMMENTED,b0be2afd58f700d3d53989a59a22be1e693c256b
1146239781,2022-10-18 17:25:10+00:00,1391482,pgjones,COMMENTED,75dff5a73190d80118f442da0d71be994862b67b
1146256887,2022-10-18 17:36:45+00:00,1242887,davidism,COMMENTED,75dff5a73190d80118f442da0d71be994862b67b
1146262023,2022-10-18 17:39:09+00:00,1242887,davidism,COMMENTED,75dff5a73190d80118f442da0d71be994862b67b
1037688380,2022-07-13 16:55:07+00:00,1391482,pgjones,COMMENTED,69f9845ef2da3051d74d4dade3e88ccf5b2ee3de
1037695019,2022-07-13 17:00:28+00:00,1242887,davidism,COMMENTED,69f9845ef2da3051d74d4dade3e88ccf5b2ee3de
1037843709,2022-07-13 19:11:17+00:00,66271043,Yourun-proger,COMMENTED,69f9845ef2da3051d74d4dade3e88ccf5b2ee3de
1037939126,2022-07-13 20:32:47+00:00,1242887,davidism,COMMENTED,69f9845ef2da3051d74d4dade3e88ccf5b2ee3de
1037967396,2022-07-13 20:52:23+00:00,66271043,Yourun-proger,COMMENTED,69f9845ef2da3051d74d4dade3e88ccf5b2ee3de
1041823319,2022-07-18 13:07:59+00:00,1391482,pgjones,COMMENTED,69f9845ef2da3051d74d4dade3e88ccf5b2ee3de
1041886329,2022-07-18 13:49:03+00:00,1242887,davidism,COMMENTED,69f9845ef2da3051d74d4dade3e88ccf5b2ee3de
1033360009,2022-07-08 21:58:37+00:00,1391482,pgjones,COMMENTED,e0dad454810dd081947d3ca2ff376c5096185698
1033419440,2022-07-08 22:14:47+00:00,1242887,davidism,COMMENTED,e0dad454810dd081947d3ca2ff376c5096185698
1029826224,2022-07-06 09:56:42+00:00,1391482,pgjones,APPROVED,9dfcb90c92e13f2d92cb723cb834b5e0d666a2f5
1026806962,2022-07-03 04:44:12+00:00,12967000,greyli,COMMENTED,60b845ebabeb77e401186f4b83de21d3f9c6a9d7
977906900,2022-05-19 04:00:03+00:00,90370349,TusharKrSoniTKS,COMMENTED,f1c35eb32f730f335eb6eb8b597dae1e917f1286
959329880,2022-05-02 17:15:04+00:00,9089037,dzcode,COMMENTED,9e53badfa57801622c7847c52526f6b65678bb79
956881148,2022-04-28 18:26:58+00:00,1242887,davidism,COMMENTED,fd169bd33e63a6a0501eedc524f2befd1698b8cd
956888763,2022-04-28 18:33:05+00:00,43924785,qingpeng9802,COMMENTED,fd169bd33e63a6a0501eedc524f2befd1698b8cd
939838905,2022-04-12 16:31:28+00:00,1242887,davidism,COMMENTED,c03478b318af6f0cf7d1c30d79a8e35985d2bd8d
910435441,2022-03-15 15:49:49+00:00,1242887,davidism,COMMENTED,295eff69aeed5b8afe1d5eafdcde0a3af738de59
915523609,2022-03-21 10:31:18+00:00,1391482,pgjones,COMMENTED,295eff69aeed5b8afe1d5eafdcde0a3af738de59
919222364,2022-03-23 18:07:44+00:00,1242887,davidism,COMMENTED,bc46ecae092ba7605302805c417f6326602f5fcd
922060071,2022-03-25 19:25:23+00:00,66271043,Yourun-proger,COMMENTED,e75d575361841404e0b1f89c19dc7de6b325cc67
922061262,2022-03-25 19:26:44+00:00,1242887,davidism,COMMENTED,e75d575361841404e0b1f89c19dc7de6b325cc67
922063518,2022-03-25 19:29:20+00:00,66271043,Yourun-proger,COMMENTED,e75d575361841404e0b1f89c19dc7de6b325cc67
817777294,2021-11-29 13:11:15+00:00,44528202,itsadityagupta,COMMENTED,0c840c130cb97876419914a6f6be031b380b92fb
818207385,2021-11-29 19:13:15+00:00,66271043,Yourun-proger,COMMENTED,d5f5892a3f1f5d398a19d8555360471cf8e63b17
803713170,2021-11-11 11:55:12+00:00,179599,ThiefMaster,CHANGES_REQUESTED,4fc54c8d5f68fe11742698b9d3f0f8bc639bf197
781347625,2021-10-16 10:11:45+00:00,1391482,pgjones,APPROVED,21def4e05c0efd7286bf120fb748b5605cdd0d6b
762213681,2021-09-23 15:55:22+00:00,53907493,anukaal,APPROVED,603331f01937238b2c5111c8c80d8df8f7ced68e
761135505,2021-09-22 16:15:53+00:00,1242887,davidism,COMMENTED,b259a80cdeae4fb6a7b733249c446d1ba54649a7
761162183,2021-09-22 16:41:18+00:00,1242887,davidism,COMMENTED,ec97d6cbf2abc89906a72bffc13dff368150ed85
761162757,2021-09-22 16:41:51+00:00,1242887,davidism,COMMENTED,ec97d6cbf2abc89906a72bffc13dff368150ed85
761166195,2021-09-22 16:45:11+00:00,36505934,Jalkhov,COMMENTED,ec97d6cbf2abc89906a72bffc13dff368150ed85
761672143,2021-09-23 07:30:05+00:00,63631162,jatin837,APPROVED,1b20c79eb8e1d7f964e8d46a405eb444bce78cd6
715250213,2021-07-26 20:24:56+00:00,58895652,arihant2math,APPROVED,29c09a92c45bc0120331dd22f7079f9161d72ab7
883763998,2022-02-15 23:21:08+00:00,95444644,fnhckgrx,COMMENTED,beae1249f7e580779ae18d2d831f7ec51e5aff98
693301460,2021-06-26 11:23:07+00:00,64992,jab,CHANGES_REQUESTED,95294242997ac54a4265d76286a8dc38ac0c1dcc
693301957,2021-06-26 11:29:52+00:00,12967000,greyli,COMMENTED,95294242997ac54a4265d76286a8dc38ac0c1dcc
693302048,2021-06-26 11:31:49+00:00,12967000,greyli,COMMENTED,16298b92e1ae6d3cdec8966081628634d69af61c
693302166,2021-06-26 11:33:51+00:00,64992,jab,COMMENTED,16298b92e1ae6d3cdec8966081628634d69af61c
693302825,2021-06-26 11:45:29+00:00,64992,jab,COMMENTED,16298b92e1ae6d3cdec8966081628634d69af61c
693303234,2021-06-26 11:52:22+00:00,12967000,greyli,COMMENTED,16298b92e1ae6d3cdec8966081628634d69af61c
693320339,2021-06-26 15:49:29+00:00,64992,jab,APPROVED,c224832acccbb9b16485c7adeb7714c71fce1ea8
721493069,2021-08-03 17:58:48+00:00,458654,rochacbruno,APPROVED,ee9c12a1aeb2c29a9a7517050ba31cd2845ea52a
693363542,2021-06-26 22:32:36+00:00,179599,ThiefMaster,COMMENTED,b1920f4959d94d9a88fd034f2c0dc3acbe0ae957
693364542,2021-06-26 22:57:41+00:00,73494189,Rohan-Salwan,COMMENTED,7d0cb098e0848045cacfb9c474c229658ea099dc
687828774,2021-06-19 14:35:26+00:00,26346270,mozartilize,COMMENTED,6072cdafa4c6d94c0251de7d881b006046b80956
687830001,2021-06-19 14:54:00+00:00,26346270,mozartilize,COMMENTED,e7e85f7b0c5528e5081aa4a3dd122c2512d4cfed
687830319,2021-06-19 14:58:43+00:00,54715852,ajayd-san,COMMENTED,e7e85f7b0c5528e5081aa4a3dd122c2512d4cfed
687890175,2021-06-20 10:15:04+00:00,179599,ThiefMaster,COMMENTED,e7e85f7b0c5528e5081aa4a3dd122c2512d4cfed
723908961,2021-08-06 01:21:59+00:00,1242887,davidism,COMMENTED,d38b9626456dd1a96b6041369991ee27467a2fcf
687814066,2021-06-19 10:31:49+00:00,179599,ThiefMaster,COMMENTED,dfc74d22f87c7b0ba9565e02e8cd310d99ca961a
687814494,2021-06-19 10:39:31+00:00,54715852,ajayd-san,COMMENTED,dfc74d22f87c7b0ba9565e02e8cd310d99ca961a
683162960,2021-06-14 17:15:52+00:00,1391482,pgjones,APPROVED,34027d8d876c140f84e18d6b56c0aecc5481874c
677495518,2021-06-07 14:37:09+00:00,179599,ThiefMaster,COMMENTED,e3d60273c077d80bde06ef162a0806622f7321df
677496287,2021-06-07 14:37:45+00:00,179599,ThiefMaster,COMMENTED,e3d60273c077d80bde06ef162a0806622f7321df
677504925,2021-06-07 14:44:49+00:00,36949679,awijaya22,COMMENTED,405b836594fe830e097b29c376827df7ac20d07a
677506052,2021-06-07 14:45:45+00:00,36949679,awijaya22,COMMENTED,405b836594fe830e097b29c376827df7ac20d07a
676789208,2021-06-05 15:36:04+00:00,1242887,davidism,APPROVED,c921178f55cb6a91d96c154f57e6c11316e73af8
676788707,2021-06-05 15:27:59+00:00,1391482,pgjones,CHANGES_REQUESTED,6df7c8df79f2b3ab34d75a0232e85dce8cd5bc5e
676789121,2021-06-05 15:34:45+00:00,1242887,davidism,COMMENTED,6df7c8df79f2b3ab34d75a0232e85dce8cd5bc5e
676789540,2021-06-05 15:41:06+00:00,74637789,starlightknown,COMMENTED,6df7c8df79f2b3ab34d75a0232e85dce8cd5bc5e
676791368,2021-06-05 16:08:33+00:00,1242887,davidism,COMMENTED,6df7c8df79f2b3ab34d75a0232e85dce8cd5bc5e
676794707,2021-06-05 16:58:07+00:00,74637789,starlightknown,COMMENTED,6df7c8df79f2b3ab34d75a0232e85dce8cd5bc5e
676847464,2021-06-06 09:51:07+00:00,1391482,pgjones,APPROVED,2f387fe706a84791f49c616548d2b8e4d442fe7e
671768231,2021-05-29 19:16:26+00:00,1391482,pgjones,COMMENTED,f1257a1236495be2bcffc2e1326f568a47f8ea61
671768477,2021-05-29 19:20:52+00:00,1242887,davidism,COMMENTED,f1257a1236495be2bcffc2e1326f568a47f8ea61
671817470,2021-05-30 11:02:45+00:00,1391482,pgjones,COMMENTED,f1257a1236495be2bcffc2e1326f568a47f8ea61
671817064,2021-05-30 10:57:45+00:00,1391482,pgjones,APPROVED,4364c4a26fb348e78f37ffaaf6b684269ee5aba0
670540264,2021-05-27 19:01:09+00:00,1242887,davidism,COMMENTED,25482489950d6c83a94b98203b45ba53a9484f0e
671761505,2021-05-29 17:21:05+00:00,179599,ThiefMaster,COMMENTED,6f7b736e3e5f8a622c3e3fd202cef1cbee3ab627
671764578,2021-05-29 18:13:50+00:00,179599,ThiefMaster,COMMENTED,058e711161755315bcbf16ddde961c23546d561d
671764893,2021-05-29 18:18:18+00:00,54715852,ajayd-san,COMMENTED,3430142254fad261c8d7d96e4e7f37014c10dcaa
666311339,2021-05-23 22:37:10+00:00,7937848,pcorpet,COMMENTED,00dfe0201067f32c828e5e3188101bbffcc8c156
669351545,2021-05-26 17:32:31+00:00,66271043,Yourun-proger,COMMENTED,00dfe0201067f32c828e5e3188101bbffcc8c156
669352985,2021-05-26 17:34:10+00:00,179599,ThiefMaster,COMMENTED,00dfe0201067f32c828e5e3188101bbffcc8c156
669369244,2021-05-26 17:48:35+00:00,1242887,davidism,COMMENTED,00dfe0201067f32c828e5e3188101bbffcc8c156
669569782,2021-05-26 21:47:59+00:00,7937848,pcorpet,COMMENTED,d48da9bb0a9a309772bb5a0ac1755f72ebc75b83
669570711,2021-05-26 21:49:13+00:00,179599,ThiefMaster,COMMENTED,d48da9bb0a9a309772bb5a0ac1755f72ebc75b83
669577151,2021-05-26 22:00:20+00:00,7937848,pcorpet,COMMENTED,4d18da4d444f06ce1c1ed831c8c519f6e8a6cc80
671755051,2021-05-29 15:42:55+00:00,1391482,pgjones,COMMENTED,b05296e083fca219eebffca24896c7e9053233bb
671757305,2021-05-29 16:15:17+00:00,1242887,davidism,COMMENTED,b05296e083fca219eebffca24896c7e9053233bb
662116389,2021-05-18 13:55:15+00:00,1242887,davidism,COMMENTED,5f4146a00020364b6b84071e6b38274fd1c60163
662175651,2021-05-18 14:38:58+00:00,1391482,pgjones,COMMENTED,5f4146a00020364b6b84071e6b38274fd1c60163
662185310,2021-05-18 14:46:39+00:00,1242887,davidism,COMMENTED,60a84af8bb1483e4fbca7bbfd3e3a365d1393326
664745621,2021-05-20 18:31:59+00:00,1391482,pgjones,COMMENTED,902a8bf872f7062dd2c0e65e7585c6b4be68d778
661851601,2021-05-18 09:29:51+00:00,1391482,pgjones,CHANGES_REQUESTED,acea283f04f981b71782669a35e0062940169018
662727925,2021-05-19 02:53:49+00:00,14283972,aphedges,COMMENTED,acea283f04f981b71782669a35e0062940169018
662729566,2021-05-19 02:58:56+00:00,14283972,aphedges,COMMENTED,31f9f94a4f2dbcd953a455100fe49f11f4d3975f
663041749,2021-05-19 10:48:52+00:00,1391482,pgjones,COMMENTED,31f9f94a4f2dbcd953a455100fe49f11f4d3975f
663042625,2021-05-19 10:49:59+00:00,1391482,pgjones,COMMENTED,31f9f94a4f2dbcd953a455100fe49f11f4d3975f
663549279,2021-05-19 18:45:37+00:00,14283972,aphedges,COMMENTED,31f9f94a4f2dbcd953a455100fe49f11f4d3975f
664305010,2021-05-20 12:18:17+00:00,1391482,pgjones,COMMENTED,1ba93a6ddcbb0653cbb1df92e7b5c96fefad3bc6
665199070,2021-05-21 08:07:34+00:00,1391482,pgjones,APPROVED,6cd5f10ec166d9971ba5fba90cec69f73b5c1e11
661350750,2021-05-17 19:42:39+00:00,1391482,pgjones,APPROVED,ecd6f7649655d607c4f90d2e4973e1347136c4e7
660456547,2021-05-16 18:36:23+00:00,1391482,pgjones,COMMENTED,e134999d89d98dfc9b42132046178db09e755e43
661000863,2021-05-17 13:58:16+00:00,1242887,davidism,COMMENTED,e134999d89d98dfc9b42132046178db09e755e43
660366806,2021-05-15 15:22:00+00:00,179599,ThiefMaster,COMMENTED,cdb3bfbadc7724aea70647cb1313781da78fe146
660367309,2021-05-15 15:29:14+00:00,1391482,pgjones,COMMENTED,0582039e4151e5889d00fbc9f785c754f9a05266
660156734,2021-05-14 19:51:47+00:00,179599,ThiefMaster,COMMENTED,fee0b56b5949fd3160aa64a7af61a1537ba35d3c
660161852,2021-05-14 19:59:38+00:00,70592708,rafaVls,COMMENTED,fee0b56b5949fd3160aa64a7af61a1537ba35d3c
660162837,2021-05-14 20:01:10+00:00,179599,ThiefMaster,COMMENTED,fee0b56b5949fd3160aa64a7af61a1537ba35d3c
659260910,2021-05-13 20:08:22+00:00,1391482,pgjones,APPROVED,25884c433f1eddf4537694d4c5f9f78cd9a14955
658859655,2021-05-13 12:39:12+00:00,1391482,pgjones,CHANGES_REQUESTED,318bdc617a7af4d2728efd33e1a618f098918945
658869130,2021-05-13 12:51:26+00:00,12967000,greyli,COMMENTED,01c8b269977157690d8fd3be47b0cb576c2d109e
658953202,2021-05-13 14:20:28+00:00,1391482,pgjones,APPROVED,01c8b269977157690d8fd3be47b0cb576c2d109e
659257332,2021-05-13 20:03:36+00:00,1391482,pgjones,COMMENTED,01c8b269977157690d8fd3be47b0cb576c2d109e
659323527,2021-05-13 21:38:27+00:00,1242887,davidism,COMMENTED,01c8b269977157690d8fd3be47b0cb576c2d109e
657774021,2021-05-12 11:34:08+00:00,179599,ThiefMaster,COMMENTED,997b49e955e0b98be6bdafb99b7ae4838eafebd2
657780152,2021-05-12 11:41:51+00:00,12967000,greyli,COMMENTED,0f560054a217536f34a67308cfa3e794e3a2ed55
658155955,2021-05-12 17:05:55+00:00,1242887,davidism,COMMENTED,5d2d9099a195d5473667c3843995bc179f9775d2
658165379,2021-05-12 17:16:30+00:00,1242887,davidism,COMMENTED,fc82dd50e39700b14799df17578e2497b8f0248c
658502333,2021-05-13 01:04:59+00:00,12967000,greyli,COMMENTED,fc82dd50e39700b14799df17578e2497b8f0248c
649987006,2021-05-02 22:46:08+00:00,64992,jab,COMMENTED,e20b56aba34a57382d67b48457f3e16bc65b2dcc
650225763,2021-05-03 10:02:31+00:00,1391482,pgjones,COMMENTED,5f9ce52961fcfe1d77d206535478f0a9de0e50ff
650332276,2021-05-03 13:07:19+00:00,26346270,mozartilize,COMMENTED,5f9ce52961fcfe1d77d206535478f0a9de0e50ff
649947714,2021-05-02 20:03:19+00:00,1391482,pgjones,APPROVED,d21f855c0194e98cef17355579bcb705cf951232
647770434,2021-04-29 02:07:14+00:00,1242887,davidism,COMMENTED,67f0d7dfdc06a0af7cd97b6e57d60c4fcdb4e3a7
647784277,2021-04-29 03:01:11+00:00,12967000,greyli,COMMENTED,ec044a24e10d2bd3c730f69909cd44639b469fd0
649948230,2021-05-02 20:10:37+00:00,1391482,pgjones,APPROVED,9be01564f28ed49cbf55049265bd578c7a7257e1
849305264,2022-01-11 15:03:52+00:00,24587499,cikay,COMMENTED,e5fb65b171b6f800671138f26b9d98454ca9f11a
849330830,2022-01-11 15:21:32+00:00,1242887,davidism,COMMENTED,e5fb65b171b6f800671138f26b9d98454ca9f11a
644182251,2021-04-25 21:17:17+00:00,179599,ThiefMaster,COMMENTED,8310218e4cb1549341db612a7680a7b619384dbf
644365091,2021-04-26 07:54:45+00:00,1391482,pgjones,COMMENTED,8310218e4cb1549341db612a7680a7b619384dbf
644727532,2021-04-26 14:16:26+00:00,1242887,davidism,COMMENTED,6ad8b6b60351ee49e2c6521b957c7641e67133c1
644728948,2021-04-26 14:17:37+00:00,1242887,davidism,COMMENTED,6ad8b6b60351ee49e2c6521b957c7641e67133c1
644883672,2021-04-26 16:30:07+00:00,1391482,pgjones,COMMENTED,6ad8b6b60351ee49e2c6521b957c7641e67133c1
644883816,2021-04-26 16:30:14+00:00,1391482,pgjones,COMMENTED,6ad8b6b60351ee49e2c6521b957c7641e67133c1
645937511,2021-04-27 14:38:26+00:00,1242887,davidism,COMMENTED,8677a8328039d8cba3d2527041bcc3f5ac81c35e
645950344,2021-04-27 14:46:15+00:00,179599,ThiefMaster,COMMENTED,26a6cc0f94dd25390e2b2d7462bb4a414a862b16
645950658,2021-04-27 14:46:30+00:00,179599,ThiefMaster,COMMENTED,26a6cc0f94dd25390e2b2d7462bb4a414a862b16
645965579,2021-04-27 14:58:18+00:00,1242887,davidism,APPROVED,26a6cc0f94dd25390e2b2d7462bb4a414a862b16
645934581,2021-04-27 14:33:37+00:00,1242887,davidism,APPROVED,c41f5126dc01df6915947c9f9e81015c1d7ddb49
638221278,2021-04-17 11:48:12+00:00,413772,graingert,COMMENTED,3d457c8e4b7ecc54b7b11af2f99628f40c1fee3a
638221315,2021-04-17 11:48:48+00:00,413772,graingert,COMMENTED,3d457c8e4b7ecc54b7b11af2f99628f40c1fee3a
638221877,2021-04-17 11:56:53+00:00,413772,graingert,COMMENTED,3d457c8e4b7ecc54b7b11af2f99628f40c1fee3a
638230470,2021-04-17 14:13:55+00:00,1391482,pgjones,COMMENTED,3d457c8e4b7ecc54b7b11af2f99628f40c1fee3a
633570127,2021-04-12 13:58:31+00:00,1242887,davidism,COMMENTED,dd44be3b581b6ce5242c716ce6ae220639d0e987
595638036,2021-02-22 18:11:21+00:00,42170629,recepsirin,APPROVED,1f1ec23bb9367713b29463ac91ff4f176a5b0fdb
606512584,2021-03-08 17:08:28+00:00,1242887,davidism,COMMENTED,89cbfed724ee9fd73404a1ecba5b1eb3a512d8d5
606539107,2021-03-08 17:36:03+00:00,1242887,davidism,COMMENTED,89cbfed724ee9fd73404a1ecba5b1eb3a512d8d5
606553056,2021-03-08 17:51:52+00:00,1242887,davidism,COMMENTED,89cbfed724ee9fd73404a1ecba5b1eb3a512d8d5
594838664,2021-02-21 12:55:05+00:00,1391482,pgjones,APPROVED,3e7c7e0688012e7aae0956ef564005fc82900d69
594863004,2021-02-21 17:32:31+00:00,42170629,recepsirin,APPROVED,3e7c7e0688012e7aae0956ef564005fc82900d69
594484195,2021-02-19 19:07:42+00:00,42170629,recepsirin,COMMENTED,659560647bd23c9352e75280db7e98b449a1eadd
594484710,2021-02-19 19:08:23+00:00,42170629,recepsirin,CHANGES_REQUESTED,659560647bd23c9352e75280db7e98b449a1eadd
594863169,2021-02-21 17:34:06+00:00,42170629,recepsirin,APPROVED,5caf74ac1590ce15951a8b83fe97ef189a94c848
562770295,2021-01-06 14:55:29+00:00,64992,jab,COMMENTED,14e583118903f5a361e8731ab939cff387ec2171
562799844,2021-01-06 15:28:33+00:00,12967000,greyli,COMMENTED,14e583118903f5a361e8731ab939cff387ec2171
563144046,2021-01-07 00:57:10+00:00,12967000,greyli,COMMENTED,54ae1cb0e902aac1bce44e2a315650d395c710b5
521653777,2020-11-02 14:02:57+00:00,1242887,davidism,COMMENTED,9d6449e9c9274904211098dbf4c40fcf50d6f0b5
518765912,2020-10-28 15:06:31+00:00,1242887,davidism,COMMENTED,30bf59105ecf20ae336cb8231e931126837f80c9
518769518,2020-10-28 15:08:39+00:00,1242887,davidism,COMMENTED,30bf59105ecf20ae336cb8231e931126837f80c9
518802959,2020-10-28 15:39:25+00:00,1242887,davidism,COMMENTED,1690c44c3a2edc375b9b47c810ff343c97b37033
518803722,2020-10-28 15:40:11+00:00,1242887,davidism,COMMENTED,1690c44c3a2edc375b9b47c810ff343c97b37033
521189181,2020-11-01 03:19:11+00:00,1242887,davidism,APPROVED,6def8a4a489ce1321a44bc1947c5c86620afdb3f
516351954,2020-10-25 12:04:00+00:00,179599,ThiefMaster,COMMENTED,1d311bdafca3c37f9198c61853bf9e5ca2d17eea
513043903,2020-10-20 19:06:16+00:00,179599,ThiefMaster,COMMENTED,4165dbcb0bd16c22737fc7fd29f1a601549f9992
513055403,2020-10-20 19:16:12+00:00,12262156,proggga,COMMENTED,4165dbcb0bd16c22737fc7fd29f1a601549f9992
513056572,2020-10-20 19:17:53+00:00,12262156,proggga,COMMENTED,4165dbcb0bd16c22737fc7fd29f1a601549f9992
506137511,2020-10-11 02:00:23+00:00,1242887,davidism,COMMENTED,4fee14215005f09c0a161e3baaf637c583ff08f0
506138064,2020-10-11 02:16:39+00:00,25045024,sanders41,COMMENTED,9696219e66f37a226276739aa07b1ab0c3087a1f
493999140,2020-09-23 03:11:44+00:00,64992,jab,COMMENTED,3d620cf76fb8bf958dc436cdf60fd4e62ec1cb72
473034466,2020-08-23 19:01:26+00:00,1810591,asottile,COMMENTED,978783d7f91047d305b5881263f6903d2afc96cf
473036077,2020-08-23 19:28:36+00:00,64992,jab,COMMENTED,4f8c505400e2063a976f4624f45231201b1493ce
466568190,2020-08-13 08:52:24+00:00,179599,ThiefMaster,APPROVED,cf3089a8f82d50430da4cbe690c1ef11d30241ec
509810594,2020-10-15 21:08:24+00:00,1242887,davidism,APPROVED,a5cf4d8d9f9e3ee7e08ba6b8bb7a196f6f8f8278
458781267,2020-07-30 21:50:47+00:00,1242887,davidism,COMMENTED,6ff358cdbd20e04f740f26835ba8a07bd5cc649a
458781321,2020-07-30 21:50:55+00:00,1242887,davidism,COMMENTED,6ff358cdbd20e04f740f26835ba8a07bd5cc649a
459303890,2020-07-31 16:27:12+00:00,1242887,davidism,COMMENTED,4ae95abd32a2f5eba8d5327947896f707ce02d82
457927664,2020-07-29 21:59:14+00:00,179599,ThiefMaster,COMMENTED,0272c19a9facf531aecb8f6efd1851d52f95a9ca
457933472,2020-07-29 22:10:08+00:00,43295248,YKo20010,COMMENTED,3a09861fe42c275296719bba95619ce34583548b
457940154,2020-07-29 22:25:58+00:00,1242887,davidism,COMMENTED,3a09861fe42c275296719bba95619ce34583548b
457942042,2020-07-29 22:32:07+00:00,1242887,davidism,COMMENTED,3a09861fe42c275296719bba95619ce34583548b
457967584,2020-07-29 23:33:48+00:00,43295248,YKo20010,COMMENTED,3a09861fe42c275296719bba95619ce34583548b
457973774,2020-07-29 23:52:16+00:00,43295248,YKo20010,COMMENTED,3a09861fe42c275296719bba95619ce34583548b
457988085,2020-07-30 00:37:15+00:00,43295248,YKo20010,COMMENTED,275c24a160af74ef3633aca8a65857a5f63e45e3
457988827,2020-07-30 00:39:39+00:00,1242887,davidism,COMMENTED,275c24a160af74ef3633aca8a65857a5f63e45e3
457996208,2020-07-30 01:05:32+00:00,43295248,YKo20010,COMMENTED,275c24a160af74ef3633aca8a65857a5f63e45e3
458044636,2020-07-30 03:28:57+00:00,1715928,henrycjc,CHANGES_REQUESTED,a5f4ae1a0c31f44ef98dd36d24cbb01fe277e58b
445871930,2020-07-09 18:36:46+00:00,179599,ThiefMaster,COMMENTED,4430a09b008d6bc11b3e81fa8e1096e4678ec502
445873463,2020-07-09 18:38:00+00:00,179599,ThiefMaster,COMMENTED,e95be890b238b3601b455629d6909ae90f537d5f
445874460,2020-07-09 18:39:29+00:00,7477077,jackwardell,COMMENTED,e95be890b238b3601b455629d6909ae90f537d5f
445882621,2020-07-09 18:51:25+00:00,7477077,jackwardell,COMMENTED,e95be890b238b3601b455629d6909ae90f537d5f
444847465,2020-07-08 14:53:06+00:00,64992,jab,COMMENTED,4a1acc8b5f0b5608fa8f20a1ef3afc13574cb96e
444880497,2020-07-08 15:27:05+00:00,1242887,davidism,COMMENTED,4a1acc8b5f0b5608fa8f20a1ef3afc13574cb96e
442319920,2020-07-03 10:37:23+00:00,42674621,teymour-aldridge,CHANGES_REQUESTED,8074cbdc470494a6f20cf08f8831dc4ae388d7f6
442331573,2020-07-03 10:54:55+00:00,4438637,DeepOde,COMMENTED,8074cbdc470494a6f20cf08f8831dc4ae388d7f6
442588252,2020-07-04 05:15:26+00:00,12967000,greyli,COMMENTED,8074cbdc470494a6f20cf08f8831dc4ae388d7f6
441791462,2020-07-02 15:21:12+00:00,41021374,arthtyagi,APPROVED,0d6dc680c760c125bd05464808d3e48355415634
446290331,2020-07-10 10:19:22+00:00,36686544,kk456852,APPROVED,0d6dc680c760c125bd05464808d3e48355415634
447466414,2020-07-13 17:44:49+00:00,52966918,Sahith02,APPROVED,0d6dc680c760c125bd05464808d3e48355415634
435823285,2020-06-23 14:11:08+00:00,64992,jab,CHANGES_REQUESTED,26ec470afbfb8b643f1d0ba3501b4def42b58911
436834450,2020-06-24 16:55:58+00:00,64992,jab,APPROVED,2254adf8455953019cadd54ba837c53d3dfaca5d
427287848,2020-06-09 16:33:33+00:00,1242887,davidism,CHANGES_REQUESTED,2fcef7fd8ebeb4dd553450e435e2186d1f0de614
432444153,2020-06-17 14:17:33+00:00,42674621,teymour-aldridge,CHANGES_REQUESTED,54cc724a7f138b26affcbf69a2e089fd25c662ed
640521563,2021-04-20 23:59:51+00:00,58895652,arihant2math,APPROVED,e54c78af2ba82a1376575818f69c91347e90c3dd
438068364,2020-06-26 07:22:57+00:00,42674621,teymour-aldridge,COMMENTED,3aba77e0a95a9773eac7dd2d3e46566d93bc1af5
438070167,2020-06-26 07:26:12+00:00,179599,ThiefMaster,COMMENTED,3aba77e0a95a9773eac7dd2d3e46566d93bc1af5
438071003,2020-06-26 07:27:35+00:00,42674621,teymour-aldridge,COMMENTED,3aba77e0a95a9773eac7dd2d3e46566d93bc1af5
399786836,2020-04-24 09:29:04+00:00,22911464,jacobstoehr,COMMENTED,58933a82b496950a4ddd1fe6cc84e6a09c2dd510
443284220,2020-07-06 17:42:44+00:00,1391482,pgjones,APPROVED,7ba35c4d4fe99418cee9c87900bd0d3b38cf5bd0
394803243,2020-04-16 16:29:16+00:00,1242887,davidism,COMMENTED,6f14a2fbb09219af6e49a3790dcb4616f4002526
371512849,2020-03-09 20:40:11+00:00,13462247,sukurcf,COMMENTED,8c4333d32a60d9b0950e0c3a0611478a3631f603
371514500,2020-03-09 20:42:46+00:00,1242887,davidism,COMMENTED,8c4333d32a60d9b0950e0c3a0611478a3631f603
371514815,2020-03-09 20:43:18+00:00,179599,ThiefMaster,COMMENTED,8c4333d32a60d9b0950e0c3a0611478a3631f603
371514898,2020-03-09 20:43:26+00:00,13462247,sukurcf,COMMENTED,8c4333d32a60d9b0950e0c3a0611478a3631f603
371515274,2020-03-09 20:44:00+00:00,179599,ThiefMaster,COMMENTED,8c4333d32a60d9b0950e0c3a0611478a3631f603
371861971,2020-03-10 11:14:55+00:00,106281,kevinanew,COMMENTED,8c4333d32a60d9b0950e0c3a0611478a3631f603
363041279,2020-02-22 17:43:09+00:00,179599,ThiefMaster,COMMENTED,c802b2442beacf509ac42d622bf4120b2f828d3f
362159680,2020-02-20 19:08:49+00:00,1242887,davidism,COMMENTED,2e4fa9961261a1eb422cba157c20896d0260c929
356200757,2020-02-10 19:26:22+00:00,179599,ThiefMaster,APPROVED,fec9a8a32ead9d42b9cadf2a3f15e61e7ba31b6c
357195579,2020-02-12 05:23:59+00:00,1242887,davidism,APPROVED,e6178fe489b7828acc2bb8fd4b56a70b11ab6c6a
324945327,2019-12-01 15:05:29+00:00,36896360,PsiACE,APPROVED,c677c4cdd7fa60222728909e52462eceae0064ab
319222643,2019-11-19 17:33:21+00:00,1242887,davidism,APPROVED,a3415fc6dcf3f355a2b815686d6de12fa7383335
315200657,2019-11-11 22:43:00+00:00,179599,ThiefMaster,CHANGES_REQUESTED,5527967a83e1a8fba4f500ccf99dcfc3eaac92b2
313566677,2019-11-07 19:08:21+00:00,1242887,davidism,CHANGES_REQUESTED,054ac09f796a6e7aba836408d01aec91062bcd1e
310472356,2019-11-01 14:06:29+00:00,1391482,pgjones,COMMENTED,c29341326eb00abc8af26fa04e7985b2d713cf93
310478449,2019-11-01 14:16:47+00:00,2715854,miguelgrinberg,COMMENTED,c29341326eb00abc8af26fa04e7985b2d713cf93
391779310,2020-04-11 16:15:16+00:00,1391482,pgjones,COMMENTED,b0adaa175751dfb4f9012e2d7003e6ac0ff63f22
391782577,2020-04-11 17:07:48+00:00,1242887,davidism,COMMENTED,b0adaa175751dfb4f9012e2d7003e6ac0ff63f22
395916288,2020-04-18 14:00:21+00:00,1391482,pgjones,COMMENTED,2856ce65f54405d51dcba87b340fa7f4ee4e163e
442300934,2020-07-03 10:01:28+00:00,13352088,magiskboy,APPROVED,28a77d5a60c49294cb044e2af56ac672b68ec7a4
442694077,2020-07-05 17:32:05+00:00,1201569,killthekitten,COMMENTED,28a77d5a60c49294cb044e2af56ac672b68ec7a4
565560461,2021-01-11 17:10:27+00:00,1242887,davidism,COMMENTED,5085e2a3bc42ff62f2203dfe820f3891229f7d69
565754070,2021-01-11 21:30:36+00:00,1391482,pgjones,COMMENTED,5085e2a3bc42ff62f2203dfe820f3891229f7d69
565759053,2021-01-11 21:37:11+00:00,1391482,pgjones,COMMENTED,5085e2a3bc42ff62f2203dfe820f3891229f7d69
594464340,2021-02-19 18:42:20+00:00,42170629,recepsirin,APPROVED,ed2b3a200101ac784a1aca2615437c546a59cecd
594464796,2021-02-19 18:42:57+00:00,42170629,recepsirin,APPROVED,ed2b3a200101ac784a1aca2615437c546a59cecd
606300776,2021-03-08 13:48:30+00:00,36896360,PsiACE,APPROVED,ed2b3a200101ac784a1aca2615437c546a59cecd
620225517,2021-03-24 20:58:31+00:00,1242887,davidism,COMMENTED,564f500f922a483151f8076a9d11f33ac6376c10
310819835,2019-11-03 14:27:37+00:00,15460993,vilhelmprytz,CHANGES_REQUESTED,07caa442241b36e14cf91b0fa0201ad764dfbd47
310843668,2019-11-03 22:18:54+00:00,15460993,vilhelmprytz,APPROVED,07caa442241b36e14cf91b0fa0201ad764dfbd47
301955703,2019-10-15 14:36:44+00:00,1242887,davidism,COMMENTED,bdf858c89b52046c5d75178ad07fad924f145a5a
302094845,2019-10-15 18:02:16+00:00,1391482,pgjones,COMMENTED,ffc69b50486c64f5389dceab7182c6a3a6796498
302095015,2019-10-15 18:02:35+00:00,1391482,pgjones,COMMENTED,ffc69b50486c64f5389dceab7182c6a3a6796498
297852048,2019-10-06 18:05:53+00:00,179599,ThiefMaster,COMMENTED,de46439af63c89bb47cdb21ab7abca949be97b42
297856015,2019-10-06 19:31:37+00:00,11872712,Mellcap,COMMENTED,9b751bcc5da2a775f35f17551125c8d444405b33
291989952,2019-09-23 19:03:25+00:00,179599,ThiefMaster,APPROVED,6cde195c88ee720ca029b4fbfa64ea60d6983914
291908161,2019-09-23 16:37:18+00:00,179599,ThiefMaster,COMMENTED,e01b68e7ee66f7c5ec221bcb9e0cd3526153664d
291989540,2019-09-23 19:02:37+00:00,1242887,davidism,COMMENTED,e01b68e7ee66f7c5ec221bcb9e0cd3526153664d
273249753,2019-08-09 16:49:48+00:00,64992,jab,CHANGES_REQUESTED,f9a4be9a5858b81b5517762ed75ab37e981a499d
273252766,2019-08-09 16:55:38+00:00,7414804,christopherzimmerman,COMMENTED,ee262ca80d33e578557f6e357b81072ad08d7fda
268369419,2019-07-30 12:55:29+00:00,1242887,davidism,COMMENTED,0f7aa7b469c276158c9f625d0826ea9786309ddb
263598559,2019-07-18 11:45:53+00:00,13925830,Pradhvan,APPROVED,9521b72eddf212fe4a65657571717b452e66d74f
260313053,2019-07-10 19:38:04+00:00,3840081,karthiknadig,APPROVED,c478e5d52f4985a9a58f1ac1d229b47e9f6fe24f
258640284,2019-07-07 19:43:09+00:00,64992,jab,APPROVED,e4c7033a3447b8d1af67acf9e34269f2c5633fb9
257629679,2019-07-03 17:14:59+00:00,1242887,davidism,APPROVED,975f9792697c1a74bca3cfff201d1e0415bece6a
257079753,2019-07-02 18:41:38+00:00,179599,ThiefMaster,APPROVED,b08e35e4ab525c207144e42af1b678a78abe09cb
256484444,2019-07-01 18:03:19+00:00,1810591,asottile,APPROVED,3aff003c456ecfd329c29432d941714a0b474d53
252586193,2019-06-20 23:59:03+00:00,64992,jab,APPROVED,0982a2771bd5c3c93a8f2bbd348507ca9470c44f
248786675,2019-06-12 14:09:28+00:00,1242887,davidism,COMMENTED,6a230ba22e7bb38629102c94140041ad5d0fc125
248792581,2019-06-12 14:18:02+00:00,36030324,LBWright,COMMENTED,6a230ba22e7bb38629102c94140041ad5d0fc125
248794237,2019-06-12 14:20:26+00:00,36030324,LBWright,COMMENTED,1c9f8e399dcf134210f0e0a1e746fb22d42fb76d
248805518,2019-06-12 14:36:36+00:00,1242887,davidism,COMMENTED,1c9f8e399dcf134210f0e0a1e746fb22d42fb76d
248820858,2019-06-12 14:58:24+00:00,36030324,LBWright,COMMENTED,9e5a701b6670973d126afdd28e90705d7e27fdab
247558015,2019-06-10 10:59:11+00:00,25263989,shivamguys,COMMENTED,e3c2122b78ef4fb958f11a18a35cd1d7609fbcbe
247378941,2019-06-08 19:17:48+00:00,47358913,isidentical,CHANGES_REQUESTED,406b433cfd652a9e0cf4c7adbbf8d2054e5b44cc
247379110,2019-06-08 19:24:10+00:00,4205423,aligoren,COMMENTED,406b433cfd652a9e0cf4c7adbbf8d2054e5b44cc
247610406,2019-06-10 13:23:52+00:00,1242887,davidism,CHANGES_REQUESTED,237366eb7bec5b0a2fe0d6c50b3bfb6305156c6e
247611203,2019-06-10 13:24:40+00:00,1242887,davidism,CHANGES_REQUESTED,237366eb7bec5b0a2fe0d6c50b3bfb6305156c6e
247371132,2019-06-08 15:10:37+00:00,64992,jab,CHANGES_REQUESTED,57d03cf8e6a7d25977ea7cadbf4f832a461af100
247373969,2019-06-08 16:41:58+00:00,4205423,aligoren,COMMENTED,efcd596de8bf0eb6bccedbd5c03168e42d2a1599
247384857,2019-06-08 23:16:01+00:00,64992,jab,APPROVED,efcd596de8bf0eb6bccedbd5c03168e42d2a1599
247620156,2019-06-10 13:42:39+00:00,1242887,davidism,COMMENTED,efcd596de8bf0eb6bccedbd5c03168e42d2a1599
247620570,2019-06-10 13:43:25+00:00,1242887,davidism,COMMENTED,efcd596de8bf0eb6bccedbd5c03168e42d2a1599
244573109,2019-06-01 04:57:04+00:00,64992,jab,APPROVED,a3272941ce76a212e9d8d55722a0b230b963411d
244361230,2019-05-31 15:07:20+00:00,617224,lordmauve,COMMENTED,5336fea08a270ad7d6965624717448df1e2f0d56
244370289,2019-05-31 15:24:08+00:00,3858785,johnzeringue,COMMENTED,f2d88b33e9378ea39637775eebb9e74a498fdff7
244371237,2019-05-31 15:25:48+00:00,64992,jab,COMMENTED,f2d88b33e9378ea39637775eebb9e74a498fdff7
244371477,2019-05-31 15:26:14+00:00,179599,ThiefMaster,COMMENTED,f2d88b33e9378ea39637775eebb9e74a498fdff7
244395776,2019-05-31 16:15:13+00:00,617224,lordmauve,COMMENTED,8bb71852849907d1b67ba7514cf1812348e11b44
244383496,2019-05-31 15:50:49+00:00,1242887,davidism,CHANGES_REQUESTED,3409bf1f0bfd2ad0af36312a13442b8b2cbe4bd9
244400913,2019-05-31 16:26:36+00:00,617224,lordmauve,COMMENTED,3409bf1f0bfd2ad0af36312a13442b8b2cbe4bd9
244405114,2019-05-31 16:35:47+00:00,617224,lordmauve,COMMENTED,3409bf1f0bfd2ad0af36312a13442b8b2cbe4bd9
244413565,2019-05-31 16:55:45+00:00,1242887,davidism,CHANGES_REQUESTED,0f08ec293f2f1fa1051bae6323c92c78496bbc58
244413794,2019-05-31 16:55:58+00:00,1242887,davidism,COMMENTED,0f08ec293f2f1fa1051bae6323c92c78496bbc58
244417726,2019-05-31 17:04:57+00:00,617224,lordmauve,COMMENTED,0f08ec293f2f1fa1051bae6323c92c78496bbc58
244442082,2019-05-31 17:57:05+00:00,1242887,davidism,APPROVED,e45370b9940823daae4c3959158ded4a9e3f7f60
244220887,2019-05-31 10:09:59+00:00,617224,lordmauve,CHANGES_REQUESTED,804fdf98ccfcc2ae53ccc5213135be0fb4f71411
241257467,2019-05-23 14:51:55+00:00,1242887,davidism,APPROVED,1a3fe0bf0b725684934f53cab954b3ad77958837
239244809,2019-05-19 16:20:24+00:00,1242887,davidism,COMMENTED,0941bfe9f851a71dcb075b2156db115ac9a971d6
237393442,2019-05-14 17:26:42+00:00,337842,kryskool,APPROVED,205c943deda542b0c0df2f1b9ce3bbe72d80eef8
236549728,2019-05-13 08:56:29+00:00,179599,ThiefMaster,COMMENTED,8e0782f0a576661c7c8bd92737c2dd29db823f8d
236560154,2019-05-13 09:15:50+00:00,9437863,eruvanos,COMMENTED,8e1ce9a96f636643048c3c2276ba64d10414b92d
236562962,2019-05-13 09:21:34+00:00,9437863,eruvanos,COMMENTED,d351bcd5d601e780f8b7dd6a1a54ae60415a142f
236563076,2019-05-13 09:21:48+00:00,9437863,eruvanos,COMMENTED,d351bcd5d601e780f8b7dd6a1a54ae60415a142f
236586974,2019-05-13 10:10:54+00:00,9437863,eruvanos,COMMENTED,69fd3157ab5c5722c3f42d7a2544312753afcba4
236587622,2019-05-13 10:12:25+00:00,9437863,eruvanos,COMMENTED,69fd3157ab5c5722c3f42d7a2544312753afcba4
234180334,2019-05-06 20:18:00+00:00,179599,ThiefMaster,COMMENTED,d46489968a0c0feaa1a2f99f7cadfbf089d2014b
234185888,2019-05-06 20:30:11+00:00,5828742,qil026,COMMENTED,d46489968a0c0feaa1a2f99f7cadfbf089d2014b
234153720,2019-05-06 19:19:56+00:00,16963011,EtiennePelletier,COMMENTED,680352d136d8b746516a5eef738fd1c2cfc7745d
234162013,2019-05-06 19:38:51+00:00,2721922,seawolf42,COMMENTED,680352d136d8b746516a5eef738fd1c2cfc7745d
236681711,2019-05-13 13:44:11+00:00,1242887,davidism,COMMENTED,7f9c496f35e0c4c57c35395988d1a2043b537314
238964242,2019-05-17 14:40:50+00:00,1242887,davidism,CHANGES_REQUESTED,7f9c496f35e0c4c57c35395988d1a2043b537314
239220114,2019-05-19 03:53:59+00:00,1242887,davidism,APPROVED,8129f5c7d2e8e975316b30175903761989d6febc
234156975,2019-05-06 19:28:12+00:00,5828742,qil026,COMMENTED,df5ee52079a4d127fc5f9776c816620d6460e34b
234162976,2019-05-06 19:41:26+00:00,179599,ThiefMaster,COMMENTED,df5ee52079a4d127fc5f9776c816620d6460e34b
234174878,2019-05-06 20:06:36+00:00,5144808,Lee-W,COMMENTED,81a7d16df29558901de316813a1771cb8acaa529
234175827,2019-05-06 20:08:40+00:00,5144808,Lee-W,COMMENTED,81a7d16df29558901de316813a1771cb8acaa529
234176358,2019-05-06 20:09:46+00:00,5144808,Lee-W,COMMENTED,81a7d16df29558901de316813a1771cb8acaa529
234176359,2019-05-06 20:09:46+00:00,179599,ThiefMaster,COMMENTED,81a7d16df29558901de316813a1771cb8acaa529
234180050,2019-05-06 20:17:30+00:00,5144808,Lee-W,COMMENTED,2d451f1a463fd7440eeca86a9883c6c6c57900d2
234899963,2019-05-08 07:19:46+00:00,64992,jab,COMMENTED,2d451f1a463fd7440eeca86a9883c6c6c57900d2
234998445,2019-05-08 11:14:33+00:00,5144808,Lee-W,COMMENTED,2d451f1a463fd7440eeca86a9883c6c6c57900d2
233639013,2019-05-03 19:38:33+00:00,179599,ThiefMaster,APPROVED,77a6ffb9c0f9bbef64a18665f04948452ef71253
233661759,2019-05-03 20:37:31+00:00,2715854,miguelgrinberg,APPROVED,77a6ffb9c0f9bbef64a18665f04948452ef71253
226200965,2019-04-12 17:28:34+00:00,1242887,davidism,COMMENTED,7f9b4ee4b5ad05a72972a4036f1cd845db50afd2
226209741,2019-04-12 17:48:55+00:00,9766,blueyed,COMMENTED,7f9b4ee4b5ad05a72972a4036f1cd845db50afd2
231417891,2019-04-27 10:25:56+00:00,9766,blueyed,COMMENTED,5fcf77f1bd009c68381cc3c5f14392f2f412588b
223586581,2019-04-07 14:46:57+00:00,1242887,davidism,COMMENTED,51b6cd7aa0b89e276ca3c1451669ba383f0556be
223589281,2019-04-07 15:50:22+00:00,28931398,tomcdonald,COMMENTED,51b6cd7aa0b89e276ca3c1451669ba383f0556be
223821604,2019-04-08 12:50:31+00:00,14067508,linnil1,COMMENTED,d456afedbbf535ae16f1a00645717597275ef57f
224133362,2019-04-08 23:28:20+00:00,28931398,tomcdonald,COMMENTED,d456afedbbf535ae16f1a00645717597275ef57f
226395629,2019-04-14 13:27:41+00:00,14067508,linnil1,COMMENTED,d456afedbbf535ae16f1a00645717597275ef57f
230733888,2019-04-25 15:47:22+00:00,28931398,tomcdonald,COMMENTED,d456afedbbf535ae16f1a00645717597275ef57f
220836697,2019-03-30 20:38:18+00:00,22359229,kx-chen,COMMENTED,4903f291b859df78fc4aa85e140be483c3bad32e
220857135,2019-03-31 10:37:06+00:00,857609,adamchainz,COMMENTED,4903f291b859df78fc4aa85e140be483c3bad32e
242008699,2019-05-25 16:38:01+00:00,64992,jab,COMMENTED,9f5c8cbda7f972b373102d6b28474f8fe0f2642c
242009334,2019-05-25 16:58:54+00:00,2130062,elbeardmorez,COMMENTED,9f5c8cbda7f972b373102d6b28474f8fe0f2642c
241865600,2019-05-24 17:39:02+00:00,1242887,davidism,APPROVED,1ecc341fe55845b264bbd5949bc8cb7616ad98ba
190126415,2019-01-08 08:08:01+00:00,179599,ThiefMaster,APPROVED,1dbbc1ac6b5d90c3f7134d1936320e9b5a10cdb7
189243028,2019-01-04 01:27:49+00:00,375744,mattrobenolt,COMMENTED,4d8510c090621f5e02e1bf39a312454d4dc17df7
189453425,2019-01-04 17:19:18+00:00,1242887,davidism,COMMENTED,4d8510c090621f5e02e1bf39a312454d4dc17df7
189463592,2019-01-04 17:50:38+00:00,1242887,davidism,COMMENTED,0312111d17c151163f8a134490891efb61d0734d
189465647,2019-01-04 17:56:35+00:00,375744,mattrobenolt,COMMENTED,0312111d17c151163f8a134490891efb61d0734d
189466237,2019-01-04 17:58:17+00:00,375744,mattrobenolt,COMMENTED,0312111d17c151163f8a134490891efb61d0734d
189479586,2019-01-04 18:36:36+00:00,1242887,davidism,COMMENTED,0312111d17c151163f8a134490891efb61d0734d
189487482,2019-01-04 18:58:54+00:00,375744,mattrobenolt,COMMENTED,0312111d17c151163f8a134490891efb61d0734d
189487819,2019-01-04 18:59:46+00:00,375744,mattrobenolt,COMMENTED,0312111d17c151163f8a134490891efb61d0734d
189517152,2019-01-04 20:29:25+00:00,7396,mitsuhiko,COMMENTED,9b92f9b78a13a7f90aa0e7428024f84a96c753d7
188204647,2018-12-28 01:47:08+00:00,1242887,davidism,APPROVED,846174f391ca0cec51d9242390d42f6d27c4265d
187626131,2018-12-23 16:26:26+00:00,179599,ThiefMaster,COMMENTED,e7c40f7018b9d5a6485c72fbb6bce0ba79a4cdc0
187626272,2018-12-23 16:31:08+00:00,13200012,garenchan,COMMENTED,e7c40f7018b9d5a6485c72fbb6bce0ba79a4cdc0
187626295,2018-12-23 16:32:00+00:00,179599,ThiefMaster,COMMENTED,e7c40f7018b9d5a6485c72fbb6bce0ba79a4cdc0
187626450,2018-12-23 16:38:43+00:00,13200012,garenchan,COMMENTED,e7c40f7018b9d5a6485c72fbb6bce0ba79a4cdc0
187637171,2018-12-24 00:46:22+00:00,1242887,davidism,COMMENTED,5377d2f556627b7c429e9e3036ae5d1f2534a39f
187637704,2018-12-24 01:16:03+00:00,13200012,garenchan,COMMENTED,5377d2f556627b7c429e9e3036ae5d1f2534a39f
178057507,2018-11-24 17:51:20+00:00,1242887,davidism,COMMENTED,62be06eb0ba3aea2424438e44db1c1468247fafa
188182610,2018-12-27 21:47:51+00:00,2358339,ExplodingCabbage,COMMENTED,2bd89c378c560a912d3181e6bc22e83e5c10537b
188186977,2018-12-27 22:22:33+00:00,4369343,alysivji,COMMENTED,5d5fa8924f66e6416d07569e1e834953562e0f3e
172661850,2018-11-07 19:32:33+00:00,837573,untitaker,COMMENTED,26c558533805b9ad10b0dce76cdce4a753c9fb2b
172673463,2018-11-07 19:59:47+00:00,1242887,davidism,APPROVED,26c558533805b9ad10b0dce76cdce4a753c9fb2b
172658778,2018-11-07 19:25:48+00:00,837573,untitaker,APPROVED,74177b0acbd899013738758c173217f7aa1e7118
172659380,2018-11-07 19:27:05+00:00,837573,untitaker,COMMENTED,74177b0acbd899013738758c173217f7aa1e7118
172677852,2018-11-07 20:11:02+00:00,1350214,atwalsh,COMMENTED,74177b0acbd899013738758c173217f7aa1e7118
173714637,2018-11-11 21:04:41+00:00,284688,grahamlyons,CHANGES_REQUESTED,98d5d2111695b4e770bb616932c47b29ee29163c
173716557,2018-11-11 21:52:58+00:00,4077212,Bernardoow,COMMENTED,98d5d2111695b4e770bb616932c47b29ee29163c
173716567,2018-11-11 21:53:26+00:00,4077212,Bernardoow,COMMENTED,98d5d2111695b4e770bb616932c47b29ee29163c
173802389,2018-11-12 09:07:25+00:00,4077212,Bernardoow,COMMENTED,98d5d2111695b4e770bb616932c47b29ee29163c
173903066,2018-11-12 13:41:19+00:00,13200012,garenchan,COMMENTED,98d5d2111695b4e770bb616932c47b29ee29163c
173921766,2018-11-12 14:23:02+00:00,4077212,Bernardoow,COMMENTED,98d5d2111695b4e770bb616932c47b29ee29163c
173924328,2018-11-12 14:28:22+00:00,4077212,Bernardoow,COMMENTED,98d5d2111695b4e770bb616932c47b29ee29163c
173938593,2018-11-12 14:56:41+00:00,13200012,garenchan,COMMENTED,98d5d2111695b4e770bb616932c47b29ee29163c
173947367,2018-11-12 15:14:26+00:00,4077212,Bernardoow,COMMENTED,98d5d2111695b4e770bb616932c47b29ee29163c
173961856,2018-11-12 15:42:23+00:00,13200012,garenchan,COMMENTED,98d5d2111695b4e770bb616932c47b29ee29163c
169054218,2018-10-27 12:39:13+00:00,179599,ThiefMaster,APPROVED,f05625eb8239593daf755305e422b71d30c77054
167967600,2018-10-24 15:16:54+00:00,179599,ThiefMaster,COMMENTED,b4760aa8a47db32c1b1b2775d288e2c1ee38de73
167971042,2018-10-24 15:23:08+00:00,13200012,garenchan,COMMENTED,b4760aa8a47db32c1b1b2775d288e2c1ee38de73
167977059,2018-10-24 15:34:39+00:00,1242887,davidism,COMMENTED,2f7a4287e3fc53e23843e7d55e6a201a4dc12a75
167988564,2018-10-24 15:56:59+00:00,13200012,garenchan,COMMENTED,c38499bbf26cfa9683e30c52139a94dc5a50dcc4
164477834,2018-10-13 21:58:26+00:00,179599,ThiefMaster,COMMENTED,83b258acc5f1c6c584b97351e2e08d81fc4fe4d4
164477947,2018-10-13 22:04:03+00:00,4359608,dchevell,COMMENTED,83b258acc5f1c6c584b97351e2e08d81fc4fe4d4
164477987,2018-10-13 22:06:06+00:00,179599,ThiefMaster,COMMENTED,83b258acc5f1c6c584b97351e2e08d81fc4fe4d4
164478108,2018-10-13 22:11:35+00:00,4359608,dchevell,COMMENTED,83b258acc5f1c6c584b97351e2e08d81fc4fe4d4
164478119,2018-10-13 22:12:21+00:00,179599,ThiefMaster,COMMENTED,83b258acc5f1c6c584b97351e2e08d81fc4fe4d4
164478209,2018-10-13 22:16:25+00:00,4359608,dchevell,COMMENTED,83b258acc5f1c6c584b97351e2e08d81fc4fe4d4
164478221,2018-10-13 22:16:53+00:00,179599,ThiefMaster,COMMENTED,83b258acc5f1c6c584b97351e2e08d81fc4fe4d4
164478281,2018-10-13 22:20:00+00:00,4359608,dchevell,COMMENTED,83b258acc5f1c6c584b97351e2e08d81fc4fe4d4
164478314,2018-10-13 22:21:10+00:00,179599,ThiefMaster,APPROVED,83b258acc5f1c6c584b97351e2e08d81fc4fe4d4
171345004,2018-11-03 23:45:06+00:00,1242887,davidism,CHANGES_REQUESTED,83b258acc5f1c6c584b97351e2e08d81fc4fe4d4
171345865,2018-11-04 00:31:23+00:00,1242887,davidism,CHANGES_REQUESTED,b43366d3d6db9fb8d2ae40f4154cf753a1714537
171347334,2018-11-04 02:09:21+00:00,4359608,dchevell,COMMENTED,6378a9dc73c820ec6781222d3beafdbd86e679b8
171348362,2018-11-04 03:16:27+00:00,1242887,davidism,APPROVED,6378a9dc73c820ec6781222d3beafdbd86e679b8
160467258,2018-10-01 20:18:58+00:00,179599,ThiefMaster,COMMENTED,8252e19c51999f1766e4eab6ac997ff5b59da2cd
160014668,2018-09-28 20:32:49+00:00,179599,ThiefMaster,COMMENTED,9e596b9806b75237fea0df901807d27b825346fd
160016945,2018-09-28 20:40:26+00:00,2547534,vorelq,COMMENTED,9e596b9806b75237fea0df901807d27b825346fd
160036815,2018-09-28 21:58:28+00:00,1242887,davidism,COMMENTED,72911d88db4b71f3db523fb56f01375ef3623bfd
160038804,2018-09-28 22:07:56+00:00,2547534,vorelq,COMMENTED,f7991973fb3cd72ca3e5086eaa5ad224060ca4d5
160086685,2018-09-29 16:47:08+00:00,179599,ThiefMaster,APPROVED,cefba5be408594abd6c3d66d94a4694d1f8f6d9a
160489227,2018-10-01 21:17:14+00:00,3237659,thenomadlad,COMMENTED,cefba5be408594abd6c3d66d94a4694d1f8f6d9a
160489942,2018-10-01 21:20:43+00:00,3237659,thenomadlad,COMMENTED,cefba5be408594abd6c3d66d94a4694d1f8f6d9a
173700780,2018-11-11 14:41:49+00:00,2547534,vorelq,COMMENTED,583da58419e82adc672b5565587d143fbf5b66a6
157715558,2018-09-21 14:32:01+00:00,1242887,davidism,COMMENTED,d8739c5ab583f9c1b6680eb6c83a16d42ce07af6
157091804,2018-09-20 02:57:38+00:00,1715928,henrycjc,APPROVED,eae6440605b0e7e9a1f221ec0ac1b68b2f2dcd97
157091537,2018-09-20 02:55:43+00:00,1715928,henrycjc,COMMENTED,069d11808d5b8616eaf331a7d021507dd74947ec
157106944,2018-09-20 04:55:12+00:00,13200012,garenchan,COMMENTED,d5d07045f0bace24073243495aa0d1c521877f05
157731146,2018-09-21 15:01:20+00:00,1242887,davidism,CHANGES_REQUESTED,e8a7d0d520326a283ff87e34ad24aa652f09078d
157733817,2018-09-21 15:07:27+00:00,13200012,garenchan,COMMENTED,e8a7d0d520326a283ff87e34ad24aa652f09078d
157947163,2018-09-23 18:14:07+00:00,1242887,davidism,APPROVED,aa7e15dcbab208ca404bcecd94cbe6fc583150dc
149272375,2018-08-24 11:48:45+00:00,290496,lepture,COMMENTED,e8079d8cc198f4f5b2bfa9d9d556795f493119e5
138042169,2018-07-17 22:20:38+00:00,5531776,cdvv7788,COMMENTED,e2fe26218d49777a2b5fadc0691fb723cd871ab0
139637354,2018-07-23 20:18:44+00:00,1199175,xavierhardy,COMMENTED,e2fe26218d49777a2b5fadc0691fb723cd871ab0
139648137,2018-07-23 20:48:43+00:00,5531776,cdvv7788,COMMENTED,e2fe26218d49777a2b5fadc0691fb723cd871ab0
139650825,2018-07-23 20:56:01+00:00,1199175,xavierhardy,COMMENTED,e2fe26218d49777a2b5fadc0691fb723cd871ab0
123860290,2018-05-29 06:27:34+00:00,290496,lepture,COMMENTED,8cdd01ea5da2f92c0108803618b168e128084858
123986141,2018-05-29 13:17:32+00:00,1242887,davidism,COMMENTED,8cdd01ea5da2f92c0108803618b168e128084858
124064420,2018-05-29 16:09:33+00:00,9467494,eso31,COMMENTED,8cdd01ea5da2f92c0108803618b168e128084858
121017373,2018-05-17 12:30:54+00:00,179599,ThiefMaster,CHANGES_REQUESTED,06b789b4b879ce94f8da957c63c67eab606e523a
121030142,2018-05-17 13:05:29+00:00,179599,ThiefMaster,APPROVED,0d3f0aa382631d96cb462600c06eed865ddba11f
119928015,2018-05-14 17:14:12+00:00,179599,ThiefMaster,COMMENTED,98b82eb5dc05c1b6965546039a18512fabfd0baa
119668174,2018-05-13 22:08:32+00:00,179599,ThiefMaster,COMMENTED,b30205eb7968bdedb1d4ea8da0548f443814520c
170162019,2018-10-31 09:42:30+00:00,179599,ThiefMaster,APPROVED,bd2e34c28d87751b4a2b38ce87bac0b6de819c76
170246079,2018-10-31 13:42:11+00:00,1242887,davidism,COMMENTED,bd2e34c28d87751b4a2b38ce87bac0b6de819c76
170273185,2018-10-31 14:14:29+00:00,1242887,davidism,COMMENTED,bd2e34c28d87751b4a2b38ce87bac0b6de819c76
170418314,2018-10-31 18:52:26+00:00,2715854,miguelgrinberg,COMMENTED,bd2e34c28d87751b4a2b38ce87bac0b6de819c76
170428521,2018-10-31 19:17:11+00:00,2715854,miguelgrinberg,COMMENTED,bd2e34c28d87751b4a2b38ce87bac0b6de819c76
170429921,2018-10-31 19:20:46+00:00,2715854,miguelgrinberg,COMMENTED,bd2e34c28d87751b4a2b38ce87bac0b6de819c76
170431046,2018-10-31 19:24:01+00:00,2715854,miguelgrinberg,COMMENTED,bd2e34c28d87751b4a2b38ce87bac0b6de819c76
171320813,2018-11-03 08:36:56+00:00,2715854,miguelgrinberg,COMMENTED,bd2e34c28d87751b4a2b38ce87bac0b6de819c76
119642861,2018-05-13 04:55:06+00:00,290496,lepture,APPROVED,d612ffb0a3e6cb2b909a9a8ff1c0a25122190feb
117847196,2018-05-06 15:37:44+00:00,1242887,davidism,APPROVED,e2880b8429b456716b8e21af8d9448ff46d3f155
116821526,2018-05-02 09:11:52+00:00,179599,ThiefMaster,APPROVED,d90b34c3f531db99581044187628e4634a478ac5
116506184,2018-05-01 05:54:29+00:00,1242887,davidism,COMMENTED,f7a3bdc6db7aefeeb974c0b9800bbe64d152f842
116506376,2018-05-01 05:56:47+00:00,290496,lepture,COMMENTED,f7a3bdc6db7aefeeb974c0b9800bbe64d152f842
116654256,2018-05-01 18:24:48+00:00,1242887,davidism,COMMENTED,f7a3bdc6db7aefeeb974c0b9800bbe64d152f842
116178453,2018-04-29 21:02:03+00:00,1242887,davidism,COMMENTED,f1d0883dfee1396b32db53f25c5febe48a594863
116138069,2018-04-28 14:07:12+00:00,1242887,davidism,COMMENTED,1c72863c00721fa3e3803b8f73b6e42f52e32971
116014838,2018-04-27 17:13:11+00:00,1242887,davidism,APPROVED,fde66ecdca7a38aed845c8d4b52f3a04fa72714a
115777574,2018-04-26 23:07:51+00:00,179599,ThiefMaster,COMMENTED,54660eaa607079260a847b3b8c37d108ffb71d64
115778437,2018-04-26 23:12:47+00:00,290496,lepture,COMMENTED,54660eaa607079260a847b3b8c37d108ffb71d64
115778552,2018-04-26 23:13:24+00:00,179599,ThiefMaster,COMMENTED,54660eaa607079260a847b3b8c37d108ffb71d64
116139793,2018-04-28 15:00:41+00:00,1242887,davidism,COMMENTED,bac5d6b9f458c7876163add793bdc53c2f8f413e
114862665,2018-04-24 16:20:15+00:00,31096,decaz,COMMENTED,abc17cf129196df2a5503f61fd5d8a846c8ce9b6
114219829,2018-04-22 23:51:05+00:00,179599,ThiefMaster,COMMENTED,4a3cb8271767f7b6331a00dcfc0a9a6ff30f34f8
114220372,2018-04-23 00:03:24+00:00,7308241,filipefilardi,COMMENTED,4a3cb8271767f7b6331a00dcfc0a9a6ff30f34f8
111739307,2018-04-12 18:30:54+00:00,179599,ThiefMaster,COMMENTED,fce1885f7614c60c7cd8e4a4eadc5b99fe036264
111747262,2018-04-12 18:46:59+00:00,1242887,davidism,COMMENTED,fce1885f7614c60c7cd8e4a4eadc5b99fe036264
111747288,2018-04-12 18:47:04+00:00,1242887,davidism,COMMENTED,fce1885f7614c60c7cd8e4a4eadc5b99fe036264
108509147,2018-04-01 04:57:41+00:00,6212603,auvipy,APPROVED,83d27b643752cac6c8f12a532809b342402152da
108629462,2018-04-02 14:33:45+00:00,290496,lepture,COMMENTED,83d27b643752cac6c8f12a532809b342402152da
108774220,2018-04-02 23:26:09+00:00,1242887,davidism,COMMENTED,83d27b643752cac6c8f12a532809b342402152da
108774340,2018-04-02 23:26:44+00:00,1242887,davidism,COMMENTED,83d27b643752cac6c8f12a532809b342402152da
109780701,2018-04-05 16:19:32+00:00,189750,waynew,COMMENTED,83d27b643752cac6c8f12a532809b342402152da
110268919,2018-04-07 22:34:54+00:00,7396,mitsuhiko,APPROVED,83d27b643752cac6c8f12a532809b342402152da
106149791,2018-03-22 14:45:48+00:00,1242887,davidism,COMMENTED,064f164f46f4c19f98882973d6e41ce37166cabe
100092264,2018-02-28 14:54:24+00:00,179599,ThiefMaster,APPROVED,5f42989ce31e90b8de9d733109c7e285de8237c7
98603974,2018-02-22 15:21:01+00:00,11246424,Derrreks,COMMENTED,d9b7a58103efeb51bb331929afb2dc5fd4fb231d
98972695,2018-02-23 16:38:05+00:00,1242887,davidism,APPROVED,111d96a699062abc3ab4be91002a73081c666dda
85495579,2017-12-25 19:52:31+00:00,179599,ThiefMaster,COMMENTED,13ea288cb07288520d4318688820fbf0a7615775
85495662,2017-12-25 19:58:28+00:00,7396,mitsuhiko,COMMENTED,13ea288cb07288520d4318688820fbf0a7615775
86941077,2018-01-05 16:04:37+00:00,1242887,davidism,CHANGES_REQUESTED,8a0de67cc03706180382a16f3bc0c5b8b168c237
86946381,2018-01-05 16:14:43+00:00,179599,ThiefMaster,COMMENTED,8a0de67cc03706180382a16f3bc0c5b8b168c237
86946453,2018-01-05 16:14:58+00:00,179599,ThiefMaster,COMMENTED,8a0de67cc03706180382a16f3bc0c5b8b168c237
86947005,2018-01-05 16:16:52+00:00,1242887,davidism,COMMENTED,8a0de67cc03706180382a16f3bc0c5b8b168c237
86947630,2018-01-05 16:19:01+00:00,1242887,davidism,COMMENTED,8a0de67cc03706180382a16f3bc0c5b8b168c237
87078150,2018-01-06 15:52:01+00:00,7396,mitsuhiko,COMMENTED,8a0de67cc03706180382a16f3bc0c5b8b168c237
87078179,2018-01-06 15:53:41+00:00,7396,mitsuhiko,COMMENTED,8a0de67cc03706180382a16f3bc0c5b8b168c237
87078197,2018-01-06 15:54:41+00:00,7396,mitsuhiko,COMMENTED,8a0de67cc03706180382a16f3bc0c5b8b168c237
87078207,2018-01-06 15:55:10+00:00,7396,mitsuhiko,COMMENTED,8a0de67cc03706180382a16f3bc0c5b8b168c237
87078244,2018-01-06 15:57:16+00:00,7396,mitsuhiko,COMMENTED,8a0de67cc03706180382a16f3bc0c5b8b168c237
87078267,2018-01-06 15:57:36+00:00,7396,mitsuhiko,COMMENTED,8a0de67cc03706180382a16f3bc0c5b8b168c237
87078640,2018-01-06 16:06:46+00:00,1242887,davidism,APPROVED,b8f955dd58411836df32d1e1258f92f9ee8ffcc6
87085322,2018-01-06 21:50:10+00:00,1242887,davidism,COMMENTED,b8f955dd58411836df32d1e1258f92f9ee8ffcc6
85445949,2017-12-24 17:23:17+00:00,12783710,sh4dowb,COMMENTED,0565224cb38d787b21522d55e7f9c708d3291757
84891611,2017-12-20 20:45:48+00:00,1242887,davidism,CHANGES_REQUESTED,c02d4dc3873b5e8c07b0522185e2799a42eac709
84007066,2017-12-17 18:10:15+00:00,179599,ThiefMaster,COMMENTED,271be661ed36dfa5beb94eae9a40d6b21bc740af
84007142,2017-12-17 18:13:51+00:00,1840629,jakerobers,COMMENTED,271be661ed36dfa5beb94eae9a40d6b21bc740af
83991079,2017-12-17 06:18:10+00:00,483314,jeffwidman,APPROVED,411b08ff8bcd30aca15f2dc0be5f633879c633db
84011298,2017-12-17 21:11:48+00:00,1242887,davidism,APPROVED,411b08ff8bcd30aca15f2dc0be5f633879c633db
83935593,2017-12-15 21:54:06+00:00,1103477,javabrett,APPROVED,67021041cbe98aafb4ea33e4edfa3cd481384150
83975492,2017-12-16 14:09:22+00:00,290496,lepture,APPROVED,67021041cbe98aafb4ea33e4edfa3cd481384150
80670378,2017-12-02 08:16:40+00:00,179599,ThiefMaster,APPROVED,3b77caec9cf6437d94e3c5005a03daea2e7f3188
78990251,2017-11-24 23:25:31+00:00,179599,ThiefMaster,COMMENTED,1a2dc6f205003cd2307b33927b8628a3d97b7ce6
88434935,2018-01-12 10:28:46+00:00,16336606,frostming,COMMENTED,1a2dc6f205003cd2307b33927b8628a3d97b7ce6
91330695,2018-01-24 21:07:41+00:00,1242887,davidism,COMMENTED,1a2dc6f205003cd2307b33927b8628a3d97b7ce6
91396401,2018-01-25 02:22:48+00:00,16336606,frostming,COMMENTED,1a2dc6f205003cd2307b33927b8628a3d97b7ce6
91982489,2018-01-26 22:01:29+00:00,1242887,davidism,COMMENTED,1a2dc6f205003cd2307b33927b8628a3d97b7ce6
78989767,2017-11-24 23:12:26+00:00,179599,ThiefMaster,APPROVED,f98764459682ce48b2a0544ce3286d4baed53d0b
78989582,2017-11-24 23:06:54+00:00,7396,mitsuhiko,APPROVED,d2f072f6249bad4bfe97748b5fd03d0869564a1a
69211409,2017-10-13 12:32:39+00:00,179599,ThiefMaster,COMMENTED,7e8efeb6e45c16b40bf479489c7016927242b2c7
115902654,2018-04-27 11:20:06+00:00,179599,ThiefMaster,COMMENTED,2f57a0b917478a028859b9d036b59cf1bba6cad2
55013283,2017-08-08 17:35:29+00:00,179599,ThiefMaster,COMMENTED,1d9140aa3ca668d4679c930f19d95471daf6be2f
53440633,2017-08-01 09:02:53+00:00,179599,ThiefMaster,COMMENTED,a722d7875b88bfb16a452c5d1f9cbcb9aeef1e5a
53083062,2017-07-29 20:14:14+00:00,179599,ThiefMaster,COMMENTED,f327c4d1f68557010d8fc61e2a6df3b91bdf2d46
53083091,2017-07-29 20:15:48+00:00,1098061,chilic,COMMENTED,f327c4d1f68557010d8fc61e2a6df3b91bdf2d46
53057046,2017-07-28 23:30:49+00:00,367832,itsjohncs,COMMENTED,3b811bd0dc4fe7e9275822a6905b1aa5deb69f66
53060372,2017-07-28 23:45:20+00:00,1242887,davidism,COMMENTED,3b811bd0dc4fe7e9275822a6905b1aa5deb69f66
53061056,2017-07-28 23:50:42+00:00,367832,itsjohncs,COMMENTED,3b811bd0dc4fe7e9275822a6905b1aa5deb69f66
53303045,2017-07-31 18:43:52+00:00,941141,idjaw,COMMENTED,cc826f4ed372906b053f3df92b56ec5a1cac087e
53311593,2017-07-31 19:14:54+00:00,941141,idjaw,COMMENTED,cc826f4ed372906b053f3df92b56ec5a1cac087e
53312053,2017-07-31 19:16:33+00:00,941141,idjaw,COMMENTED,cc826f4ed372906b053f3df92b56ec5a1cac087e
53312894,2017-07-31 19:19:50+00:00,1242887,davidism,COMMENTED,cc826f4ed372906b053f3df92b56ec5a1cac087e
53314973,2017-07-31 19:27:59+00:00,941141,idjaw,APPROVED,cc826f4ed372906b053f3df92b56ec5a1cac087e
52719230,2017-07-27 16:56:48+00:00,1242887,davidism,CHANGES_REQUESTED,241673fd153bad011c3fbbb41580450f39874cad
52797285,2017-07-27 21:53:02+00:00,483314,jeffwidman,COMMENTED,241673fd153bad011c3fbbb41580450f39874cad
52797775,2017-07-27 21:55:15+00:00,179599,ThiefMaster,COMMENTED,241673fd153bad011c3fbbb41580450f39874cad
53076113,2017-07-29 13:07:31+00:00,1242887,davidism,COMMENTED,241673fd153bad011c3fbbb41580450f39874cad
53082886,2017-07-29 20:03:49+00:00,1242887,davidism,APPROVED,a89bdb3395b22c963456d1fcdebbd77c5c6f618c
50195492,2017-07-15 19:00:54+00:00,2715854,miguelgrinberg,COMMENTED,dedef3196d85d95132325c556a2399a9b417bbc2
50202740,2017-07-16 04:54:38+00:00,2715854,miguelgrinberg,COMMENTED,6678a87e45e672f52365d404d5359f95db930e27
50202801,2017-07-16 05:00:05+00:00,2715854,miguelgrinberg,COMMENTED,6678a87e45e672f52365d404d5359f95db930e27
50213796,2017-07-16 15:39:47+00:00,1242887,davidism,COMMENTED,6678a87e45e672f52365d404d5359f95db930e27
50213842,2017-07-16 15:42:25+00:00,1242887,davidism,COMMENTED,6678a87e45e672f52365d404d5359f95db930e27
49818296,2017-07-13 15:37:06+00:00,7396,mitsuhiko,APPROVED,10fab6167073c68c86fbdacd4bcfde803d9a8f08
46291410,2017-06-26 15:11:33+00:00,179599,ThiefMaster,COMMENTED,89c87240b6ef4f9663b4bb351d66cb8a50460795
46291842,2017-06-26 15:12:43+00:00,1242887,davidism,COMMENTED,89c87240b6ef4f9663b4bb351d66cb8a50460795
46136876,2017-06-25 02:16:54+00:00,2257119,pachewise,COMMENTED,fb437ce4e951e7ac233018926d22af10a4374dcd
46137076,2017-06-25 02:41:21+00:00,2257119,pachewise,COMMENTED,fb437ce4e951e7ac233018926d22af10a4374dcd
46147778,2017-06-25 15:14:39+00:00,706257,bcongdon,COMMENTED,fb437ce4e951e7ac233018926d22af10a4374dcd
44135981,2017-06-14 20:19:25+00:00,1242887,davidism,APPROVED,5b38fe2fbe6b40a004d39ea2094d0e0e7c830ea0
44031718,2017-06-14 14:18:56+00:00,179599,ThiefMaster,COMMENTED,0f7b3a4f26dfbbe453a504abd4a8bcbf49194d46
44031877,2017-06-14 14:19:36+00:00,179599,ThiefMaster,COMMENTED,0f7b3a4f26dfbbe453a504abd4a8bcbf49194d46
44032780,2017-06-14 14:21:58+00:00,1242887,davidism,COMMENTED,0f7b3a4f26dfbbe453a504abd4a8bcbf49194d46
43178509,2017-06-09 14:59:51+00:00,941141,idjaw,APPROVED,53ff054fd306bd012dac43b413ab9c0bf445bdfa
41777881,2017-06-02 13:44:23+00:00,179599,ThiefMaster,COMMENTED,ca176cb903f9566be07e359791e364ce2fe0b1bc
41778952,2017-06-02 13:45:11+00:00,1242887,davidism,COMMENTED,ca176cb903f9566be07e359791e364ce2fe0b1bc
41779467,2017-06-02 13:47:10+00:00,179599,ThiefMaster,COMMENTED,ca176cb903f9566be07e359791e364ce2fe0b1bc
40807851,2017-05-29 17:13:29+00:00,179599,ThiefMaster,APPROVED,b8eba0a3fa940f85d43aa2a26bd31a75a446eb28
40334085,2017-05-25 17:05:37+00:00,1242887,davidism,CHANGES_REQUESTED,841020ab35b9a67a73bc8111a7a42a08856fec96
40447552,2017-05-26 05:28:41+00:00,8525842,Kamekameha,COMMENTED,48c2925664e154711e97385cc197be8bbb59572d
40517662,2017-05-26 13:43:05+00:00,119893,kennethreitz,COMMENTED,48c2925664e154711e97385cc197be8bbb59572d
40071642,2017-05-24 16:00:43+00:00,1242887,davidism,COMMENTED,efef90a07e673fbe428c1c1b07ac91894f87da4b
39946411,2017-05-24 07:34:13+00:00,179599,ThiefMaster,DISMISSED,18e2106fc6daab7d908e1e5dd92a8e6ec4f6a95d
40050075,2017-05-24 14:54:18+00:00,1242887,davidism,CHANGES_REQUESTED,18e2106fc6daab7d908e1e5dd92a8e6ec4f6a95d
40051286,2017-05-24 14:54:42+00:00,1242887,davidism,COMMENTED,18e2106fc6daab7d908e1e5dd92a8e6ec4f6a95d
40051810,2017-05-24 14:56:29+00:00,179599,ThiefMaster,COMMENTED,18e2106fc6daab7d908e1e5dd92a8e6ec4f6a95d
40340528,2017-05-25 17:28:01+00:00,1242887,davidism,APPROVED,bdf31cd423a295de2f6956b2e8da1d8f26c91858
39815435,2017-05-23 17:39:19+00:00,483314,jeffwidman,APPROVED,5963cb5a5172bce3a1ff7b0f8c64230f043c9cfd
39641883,2017-05-23 05:19:03+00:00,483314,jeffwidman,COMMENTED,8459cedaa94445fd17b223aed16312f5da2f76ac
39642033,2017-05-23 05:23:27+00:00,483314,jeffwidman,CHANGES_REQUESTED,8459cedaa94445fd17b223aed16312f5da2f76ac
39664476,2017-05-23 07:46:37+00:00,179599,ThiefMaster,CHANGES_REQUESTED,c47f4530a1f2a15830c1d1cb983297a580a4613d
40391567,2017-05-25 21:04:57+00:00,119893,kennethreitz,CHANGES_REQUESTED,09a0d2ebd1c832977b46be6d0cbd7b42944ffc49
40400976,2017-05-25 21:44:17+00:00,119893,kennethreitz,APPROVED,fcfd03146011dbb2ab77868b2f56374d51b39d56
39620056,2017-05-23 01:03:29+00:00,1242887,davidism,CHANGES_REQUESTED,4e9d51b39b674b5c1c00081c1b457ff03ba6e76c
39643061,2017-05-23 05:38:06+00:00,483314,jeffwidman,CHANGES_REQUESTED,378a11f99275a6b80d365a5d51d469844bf9ca17
39654631,2017-05-23 07:51:48+00:00,483314,jeffwidman,COMMENTED,e9862d3f9158eafce870bf231a54e42a48069239
39806354,2017-05-23 17:05:04+00:00,34058,Tafkas,COMMENTED,e9862d3f9158eafce870bf231a54e42a48069239
39806548,2017-05-23 17:05:57+00:00,34058,Tafkas,COMMENTED,e9862d3f9158eafce870bf231a54e42a48069239
39809490,2017-05-23 17:17:29+00:00,483314,jeffwidman,COMMENTED,e9862d3f9158eafce870bf231a54e42a48069239
39811675,2017-05-23 17:25:36+00:00,483314,jeffwidman,COMMENTED,e9862d3f9158eafce870bf231a54e42a48069239
39650232,2017-05-23 06:19:18+00:00,483314,jeffwidman,COMMENTED,7ead36c0161561ef6bd7c5c67ee945348afa8e86
39620253,2017-05-23 01:04:46+00:00,1242887,davidism,CHANGES_REQUESTED,6f49089a624a13353a07db87aff5fe6f01699728
39640694,2017-05-23 05:16:04+00:00,483314,jeffwidman,COMMENTED,fd4a363657f3b4f13611e029c52fcb8c806f7229
39767666,2017-05-23 14:53:15+00:00,5480771,MikeTheReader,COMMENTED,fd4a363657f3b4f13611e029c52fcb8c806f7229
39768118,2017-05-23 14:54:34+00:00,5480771,MikeTheReader,COMMENTED,fd4a363657f3b4f13611e029c52fcb8c806f7229
39768356,2017-05-23 14:55:16+00:00,5480771,MikeTheReader,COMMENTED,fd4a363657f3b4f13611e029c52fcb8c806f7229
39781238,2017-05-23 15:34:10+00:00,1242887,davidism,APPROVED,7c882a457b734cd0a38d41c7e930e375a6ce6e4c
39604646,2017-05-22 22:54:51+00:00,179599,ThiefMaster,COMMENTED,7ecdbcfa2b2d1c83c8c6561b49303ed5b1042350
39605844,2017-05-22 23:00:54+00:00,2699097,hendrikmakait,COMMENTED,7ecdbcfa2b2d1c83c8c6561b49303ed5b1042350
39606109,2017-05-22 23:02:25+00:00,179599,ThiefMaster,COMMENTED,7ecdbcfa2b2d1c83c8c6561b49303ed5b1042350
39606511,2017-05-22 23:05:06+00:00,1242887,davidism,COMMENTED,7ecdbcfa2b2d1c83c8c6561b49303ed5b1042350
39606600,2017-05-22 23:05:54+00:00,179599,ThiefMaster,COMMENTED,7ecdbcfa2b2d1c83c8c6561b49303ed5b1042350
37594374,2017-05-11 14:34:32+00:00,1242887,davidism,CHANGES_REQUESTED,dfb03c5673e97ee95289b844c13dbf506ea99e71
37755989,2017-05-12 05:31:46+00:00,1242887,davidism,APPROVED,dfb03c5673e97ee95289b844c13dbf506ea99e71
35480338,2017-04-28 23:35:52+00:00,179599,ThiefMaster,COMMENTED,5068ff991362b6f4aefe86255c1886509bf672a3
35480523,2017-04-28 23:38:12+00:00,179599,ThiefMaster,COMMENTED,5068ff991362b6f4aefe86255c1886509bf672a3
35480674,2017-04-28 23:40:22+00:00,10791683,akohli96,COMMENTED,5068ff991362b6f4aefe86255c1886509bf672a3
35480925,2017-04-28 23:43:51+00:00,10791683,akohli96,COMMENTED,5068ff991362b6f4aefe86255c1886509bf672a3
32926130,2017-04-15 12:22:04+00:00,1242887,davidism,COMMENTED,3b75388a417d49ad667556a3670991a302af880e
32927528,2017-04-15 14:05:59+00:00,837573,untitaker,COMMENTED,3b75388a417d49ad667556a3670991a302af880e
32943413,2017-04-16 12:14:55+00:00,1242887,davidism,CHANGES_REQUESTED,005de43dd2d5693d7acd77c335cd2f7c3aecaab4
31557106,2017-04-07 13:16:58+00:00,837573,untitaker,COMMENTED,ae029ad01ea42b5e1040875a66c6964315c0c525
31557852,2017-04-07 13:20:02+00:00,1242887,davidism,COMMENTED,ae029ad01ea42b5e1040875a66c6964315c0c525
31557886,2017-04-07 13:20:12+00:00,12967000,greyli,COMMENTED,ae029ad01ea42b5e1040875a66c6964315c0c525
31558584,2017-04-07 13:23:26+00:00,12967000,greyli,COMMENTED,ae029ad01ea42b5e1040875a66c6964315c0c525
31558948,2017-04-07 13:25:00+00:00,837573,untitaker,COMMENTED,ae029ad01ea42b5e1040875a66c6964315c0c525
31558971,2017-04-07 13:25:07+00:00,1242887,davidism,COMMENTED,93ca2ee824fcd5fad0acf0cb6aa9d79f34c98410
31559502,2017-04-07 13:27:30+00:00,837573,untitaker,COMMENTED,93ca2ee824fcd5fad0acf0cb6aa9d79f34c98410
31560915,2017-04-07 13:33:04+00:00,1242887,davidism,COMMENTED,93ca2ee824fcd5fad0acf0cb6aa9d79f34c98410
31560921,2017-04-07 13:33:05+00:00,12967000,greyli,COMMENTED,93ca2ee824fcd5fad0acf0cb6aa9d79f34c98410
31561644,2017-04-07 13:36:14+00:00,837573,untitaker,COMMENTED,93ca2ee824fcd5fad0acf0cb6aa9d79f34c98410
31563679,2017-04-07 13:44:55+00:00,1242887,davidism,COMMENTED,a8bfec8db46936820da2060f8aee40a1c049a753
31569610,2017-04-07 14:07:58+00:00,12967000,greyli,COMMENTED,a8bfec8db46936820da2060f8aee40a1c049a753
31570006,2017-04-07 14:09:39+00:00,1242887,davidism,COMMENTED,a8bfec8db46936820da2060f8aee40a1c049a753
31570035,2017-04-07 14:09:45+00:00,1242887,davidism,APPROVED,a8bfec8db46936820da2060f8aee40a1c049a753
29222538,2017-03-27 15:48:06+00:00,13479441,deelaka,APPROVED,6ef45f30ab0e95d80ee2a29168f098e9037b9e0b
31615023,2017-04-07 17:14:22+00:00,1242887,davidism,CHANGES_REQUESTED,bf023e7dc0bae78ff0ab14dc9f10a87e2b56f676
31616400,2017-04-07 17:20:13+00:00,1242887,davidism,COMMENTED,bf023e7dc0bae78ff0ab14dc9f10a87e2b56f676
31618333,2017-04-07 17:28:45+00:00,1242887,davidism,COMMENTED,bf023e7dc0bae78ff0ab14dc9f10a87e2b56f676
31620819,2017-04-07 17:46:04+00:00,837573,untitaker,COMMENTED,bf023e7dc0bae78ff0ab14dc9f10a87e2b56f676
31635083,2017-04-07 18:43:00+00:00,1242887,davidism,CHANGES_REQUESTED,d50a5db5ed07a14733b8cbfc0962b793209014dd
31686700,2017-04-08 00:10:42+00:00,1242887,davidism,COMMENTED,bf023e7dc0bae78ff0ab14dc9f10a87e2b56f676
31689216,2017-04-08 01:05:01+00:00,1242887,davidism,APPROVED,c1973016eacfb22fdec837394d8b89c0ca35ad15
31704478,2017-04-08 16:07:26+00:00,837573,untitaker,COMMENTED,c1973016eacfb22fdec837394d8b89c0ca35ad15
31705349,2017-04-08 16:55:08+00:00,179599,ThiefMaster,COMMENTED,c1973016eacfb22fdec837394d8b89c0ca35ad15
31705375,2017-04-08 16:56:49+00:00,1242887,davidism,COMMENTED,c1973016eacfb22fdec837394d8b89c0ca35ad15
28676174,2017-03-23 14:54:02+00:00,837573,untitaker,CHANGES_REQUESTED,a3b0a3344565a72a8a9e17f3a1fa33928e04a8cc
28678601,2017-03-23 15:00:58+00:00,451321,Diggsey,COMMENTED,a3b0a3344565a72a8a9e17f3a1fa33928e04a8cc
28725647,2017-03-23 17:37:30+00:00,221981,JordanP,COMMENTED,3197ec70ebccc55e6994bc811de10ba043827288
28729653,2017-03-23 17:52:18+00:00,451321,Diggsey,COMMENTED,3197ec70ebccc55e6994bc811de10ba043827288
28891721,2017-03-24 12:33:27+00:00,837573,untitaker,APPROVED,10e23aa50d04d588969350e0cb59102b35b7d56f
30278536,2017-03-31 15:40:17+00:00,7396,mitsuhiko,APPROVED,10e23aa50d04d588969350e0cb59102b35b7d56f
30281813,2017-03-31 15:53:31+00:00,1242887,davidism,APPROVED,10e23aa50d04d588969350e0cb59102b35b7d56f
27715184,2017-03-18 02:48:34+00:00,64992,jab,COMMENTED,165635c3fca8095290cc8f076b1188c0283d279c
27715188,2017-03-18 02:48:57+00:00,64992,jab,COMMENTED,165635c3fca8095290cc8f076b1188c0283d279c
28888845,2017-03-24 12:14:52+00:00,837573,untitaker,COMMENTED,7ea1ed65ed75ea0d326aa01c47e12161d498b69f
28899138,2017-03-24 13:14:41+00:00,64992,jab,COMMENTED,7ea1ed65ed75ea0d326aa01c47e12161d498b69f
28899928,2017-03-24 13:18:32+00:00,64992,jab,COMMENTED,7ea1ed65ed75ea0d326aa01c47e12161d498b69f
27338518,2017-03-16 13:40:31+00:00,179599,ThiefMaster,COMMENTED,5b7fd9ad889e54d4d694d310b559c921d7df75cf
27338908,2017-03-16 13:41:56+00:00,1664,svenstaro,COMMENTED,5b7fd9ad889e54d4d694d310b559c921d7df75cf
27340023,2017-03-16 13:46:11+00:00,1242887,davidism,CHANGES_REQUESTED,ad42d88fb2cda12a21c4fb6f002f425f233d1fe3
27453459,2017-03-16 20:40:58+00:00,1242887,davidism,APPROVED,ed17bc171046a15f03c890687db8eb9652513bd9
25001752,2017-03-03 15:46:37+00:00,837573,untitaker,CHANGES_REQUESTED,4a6fcdfc73946143c930f5fe13e25260af8fbd63
25096548,2017-03-04 00:05:23+00:00,12967000,greyli,COMMENTED,4a6fcdfc73946143c930f5fe13e25260af8fbd63
25102694,2017-03-04 01:27:13+00:00,12967000,greyli,COMMENTED,b52e9827ec77db33e384c0fd74c95e8b6484aa2e
25120037,2017-03-04 10:28:56+00:00,837573,untitaker,APPROVED,b52e9827ec77db33e384c0fd74c95e8b6484aa2e
24421040,2017-03-01 08:18:51+00:00,179599,ThiefMaster,COMMENTED,8a55d11d5c18bc6ee364485c7d301600bb6aefc0
24446880,2017-03-01 10:39:48+00:00,290496,lepture,COMMENTED,8a55d11d5c18bc6ee364485c7d301600bb6aefc0
24646598,2017-03-02 03:27:42+00:00,1242887,davidism,APPROVED,d2d704c774f95b85cf542367094a71a25a09ea73
25301253,2017-03-06 16:48:49+00:00,837573,untitaker,APPROVED,aa293e457fde176a5ccdc7b4163f36f520c720fd
25135681,2017-03-05 00:16:31+00:00,8144986,fschr,APPROVED,af11098057b022c172c1142f02e50cc3c4b065b4
19000340,2017-01-29 19:33:28+00:00,179599,ThiefMaster,COMMENTED,14b3ed23d1929a1e0fc405933fa2fc240702d237
19000377,2017-01-29 19:33:58+00:00,7396,mitsuhiko,COMMENTED,14b3ed23d1929a1e0fc405933fa2fc240702d237
19000399,2017-01-29 19:34:53+00:00,7396,mitsuhiko,COMMENTED,14b3ed23d1929a1e0fc405933fa2fc240702d237
19000403,2017-01-29 19:35:02+00:00,7396,mitsuhiko,COMMENTED,14b3ed23d1929a1e0fc405933fa2fc240702d237
19000417,2017-01-29 19:35:44+00:00,179599,ThiefMaster,COMMENTED,14b3ed23d1929a1e0fc405933fa2fc240702d237
19000479,2017-01-29 19:37:55+00:00,179599,ThiefMaster,COMMENTED,14b3ed23d1929a1e0fc405933fa2fc240702d237
19000506,2017-01-29 19:39:01+00:00,7396,mitsuhiko,COMMENTED,14b3ed23d1929a1e0fc405933fa2fc240702d237
19000559,2017-01-29 19:42:51+00:00,837573,untitaker,COMMENTED,14b3ed23d1929a1e0fc405933fa2fc240702d237
19000623,2017-01-29 19:44:59+00:00,837573,untitaker,COMMENTED,14b3ed23d1929a1e0fc405933fa2fc240702d237
19001027,2017-01-29 20:03:56+00:00,2715854,miguelgrinberg,COMMENTED,14b3ed23d1929a1e0fc405933fa2fc240702d237
19001051,2017-01-29 20:05:10+00:00,7396,mitsuhiko,COMMENTED,14b3ed23d1929a1e0fc405933fa2fc240702d237
19001054,2017-01-29 20:05:12+00:00,179599,ThiefMaster,COMMENTED,14b3ed23d1929a1e0fc405933fa2fc240702d237
19001081,2017-01-29 20:05:52+00:00,7396,mitsuhiko,COMMENTED,14b3ed23d1929a1e0fc405933fa2fc240702d237
19001091,2017-01-29 20:06:20+00:00,7396,mitsuhiko,COMMENTED,14b3ed23d1929a1e0fc405933fa2fc240702d237
19001153,2017-01-29 20:09:22+00:00,2715854,miguelgrinberg,COMMENTED,88ce9687a31b30390854b85dd64f08977ef9d7bb
19001254,2017-01-29 20:13:27+00:00,2715854,miguelgrinberg,COMMENTED,88ce9687a31b30390854b85dd64f08977ef9d7bb
19001274,2017-01-29 20:14:40+00:00,7396,mitsuhiko,COMMENTED,14b3ed23d1929a1e0fc405933fa2fc240702d237
19001391,2017-01-29 20:20:04+00:00,837573,untitaker,COMMENTED,14b3ed23d1929a1e0fc405933fa2fc240702d237
19001532,2017-01-29 20:25:35+00:00,2715854,miguelgrinberg,COMMENTED,88ce9687a31b30390854b85dd64f08977ef9d7bb
19001564,2017-01-29 20:26:55+00:00,7396,mitsuhiko,COMMENTED,14b3ed23d1929a1e0fc405933fa2fc240702d237
19001651,2017-01-29 20:31:35+00:00,2715854,miguelgrinberg,COMMENTED,88ce9687a31b30390854b85dd64f08977ef9d7bb
19001932,2017-01-29 20:44:36+00:00,7396,mitsuhiko,COMMENTED,14b3ed23d1929a1e0fc405933fa2fc240702d237
19001969,2017-01-29 20:46:14+00:00,179599,ThiefMaster,COMMENTED,14b3ed23d1929a1e0fc405933fa2fc240702d237
19002581,2017-01-29 21:16:07+00:00,2715854,miguelgrinberg,COMMENTED,88ce9687a31b30390854b85dd64f08977ef9d7bb
19003229,2017-01-29 21:43:48+00:00,179599,ThiefMaster,COMMENTED,14b3ed23d1929a1e0fc405933fa2fc240702d237
19003380,2017-01-29 21:49:27+00:00,2715854,miguelgrinberg,COMMENTED,14b3ed23d1929a1e0fc405933fa2fc240702d237
19003577,2017-01-29 21:56:23+00:00,179599,ThiefMaster,COMMENTED,14b3ed23d1929a1e0fc405933fa2fc240702d237
19060407,2017-01-30 11:24:38+00:00,221981,JordanP,COMMENTED,88ce9687a31b30390854b85dd64f08977ef9d7bb
19060628,2017-01-30 11:26:12+00:00,179599,ThiefMaster,COMMENTED,88ce9687a31b30390854b85dd64f08977ef9d7bb
31547832,2017-04-07 12:28:48+00:00,12967000,greyli,COMMENTED,14b3ed23d1929a1e0fc405933fa2fc240702d237
16987721,2017-01-17 13:19:10+00:00,1242887,davidism,CHANGES_REQUESTED,a34f3a9db0c674bb544e380148f18129c0e3e316
17012899,2017-01-17 15:14:54+00:00,1242887,davidism,APPROVED,20555a54850c855f74fb1563e70f9d4831a7b3c3
16895406,2017-01-16 22:53:26+00:00,1242887,davidism,CHANGES_REQUESTED,ed4cff5bc450ed807ef12292e14fbd8b89b465f1
16897369,2017-01-16 23:11:11+00:00,483314,jeffwidman,COMMENTED,823d6e086831de5ff18c1de0d09e1888b3eca763
16897812,2017-01-16 23:15:57+00:00,1242887,davidism,APPROVED,a0494ba5137fa5fab5882f48b32be6a6253a816e
16897896,2017-01-16 23:17:05+00:00,1242887,davidism,CHANGES_REQUESTED,a0494ba5137fa5fab5882f48b32be6a6253a816e
16897978,2017-01-16 23:18:01+00:00,179599,ThiefMaster,COMMENTED,a0494ba5137fa5fab5882f48b32be6a6253a816e
16898577,2017-01-16 23:25:03+00:00,483314,jeffwidman,COMMENTED,ed4cff5bc450ed807ef12292e14fbd8b89b465f1
16906473,2017-01-17 01:09:54+00:00,483314,jeffwidman,COMMENTED,b6aec54c9664e524e68501c1e0bfa766880e1b7c
16910229,2017-01-17 01:59:14+00:00,1858004,r0fls,COMMENTED,b6aec54c9664e524e68501c1e0bfa766880e1b7c
16912406,2017-01-17 02:25:32+00:00,1242887,davidism,APPROVED,e3e225c47908007ec0d93a29b1e0757eee01516f
16912521,2017-01-17 02:26:51+00:00,1242887,davidism,CHANGES_REQUESTED,e3e225c47908007ec0d93a29b1e0757eee01516f
16914130,2017-01-17 02:49:13+00:00,1242887,davidism,APPROVED,3a488316d0dde6c9bc3a1cc7a067af561aa07af3
16927700,2017-01-17 06:21:02+00:00,483314,jeffwidman,APPROVED,3a488316d0dde6c9bc3a1cc7a067af561aa07af3
15976523,2017-01-10 18:08:08+00:00,179599,ThiefMaster,COMMENTED,01b992b1a1482246d705ffe3b3d0dd7816f0456b
15977076,2017-01-10 18:10:31+00:00,7516205,drewja,COMMENTED,01b992b1a1482246d705ffe3b3d0dd7816f0456b
15981829,2017-01-10 18:34:05+00:00,1242887,davidism,COMMENTED,01b992b1a1482246d705ffe3b3d0dd7816f0456b
15635784,2017-01-08 23:18:20+00:00,179599,ThiefMaster,COMMENTED,03a698d88f6338e2a2fdd9cae5bb7f8420d3c439
15636201,2017-01-08 23:37:12+00:00,1374633,andriisoldatenko,COMMENTED,03a698d88f6338e2a2fdd9cae5bb7f8420d3c439
14367246,2016-12-25 18:48:16+00:00,179599,ThiefMaster,COMMENTED,67d66fcd93faec86ad49f503af82b75d351bee57
14367335,2016-12-25 18:54:14+00:00,837573,untitaker,COMMENTED,67d66fcd93faec86ad49f503af82b75d351bee57
14369132,2016-12-25 23:09:33+00:00,1242887,davidism,APPROVED,85f37592fd7cb4c01bd4879c574320a9da2df1ca
13583244,2016-12-19 16:07:49+00:00,179599,ThiefMaster,COMMENTED,ee170a438708ebad2f0998fb4c46c10b552402fe
16244121,2017-01-11 21:49:31+00:00,1242887,davidism,COMMENTED,1909436f9cabae92dbf538fdd2284fc337d5e6f4
13470838,2016-12-18 19:50:45+00:00,179599,ThiefMaster,CHANGES_REQUESTED,835e91e28c27af6ab6de562d8421e83f30bca27b
11303332,2016-12-04 22:15:00+00:00,179599,ThiefMaster,COMMENTED,21dea9f93c485c293a9ec66553c20eeef82510c2
11303371,2016-12-04 22:17:10+00:00,179599,ThiefMaster,COMMENTED,21dea9f93c485c293a9ec66553c20eeef82510c2
11304941,2016-12-04 23:13:29+00:00,179599,ThiefMaster,COMMENTED,2c8a44f20d9538617f7e01f8805922b368e06438
11304955,2016-12-04 23:14:03+00:00,179599,ThiefMaster,COMMENTED,2c8a44f20d9538617f7e01f8805922b368e06438
11859607,2016-12-07 18:02:31+00:00,837573,untitaker,COMMENTED,56b33ab4584f7584135e6a2546a093889180c916
10552679,2016-11-29 15:08:31+00:00,179599,ThiefMaster,COMMENTED,60950be2a286839c8f3852be99667ab489080553
10552875,2016-11-29 15:09:20+00:00,7549169,lautomator,COMMENTED,60950be2a286839c8f3852be99667ab489080553
10555322,2016-11-29 15:19:50+00:00,179599,ThiefMaster,COMMENTED,60950be2a286839c8f3852be99667ab489080553
9399570,2016-11-21 07:17:18+00:00,156838,RonnyPfannschmidt,CHANGES_REQUESTED,52dd249bc76caa7b1ff1287e9ca35a549a7570f6
9410988,2016-11-21 09:07:43+00:00,1858004,r0fls,COMMENTED,52dd249bc76caa7b1ff1287e9ca35a549a7570f6
9413450,2016-11-21 09:24:34+00:00,156838,RonnyPfannschmidt,COMMENTED,d737d331394356a14291d5dc4b4dd151d7ac7ceb
9414606,2016-11-21 09:31:18+00:00,1858004,r0fls,COMMENTED,d737d331394356a14291d5dc4b4dd151d7ac7ceb
9414660,2016-11-21 09:31:40+00:00,179599,ThiefMaster,COMMENTED,9f886ef3d79480e9a9739e38cef4cb016481b5f4
9414929,2016-11-21 09:33:31+00:00,1858004,r0fls,COMMENTED,9f886ef3d79480e9a9739e38cef4cb016481b5f4
9433230,2016-11-21 11:23:35+00:00,156838,RonnyPfannschmidt,APPROVED,c7da9d5c24020c5d2c22c72da877aca6ceae0295
9546024,2016-11-21 21:26:48+00:00,94327,tuukkamustonen,COMMENTED,c7da9d5c24020c5d2c22c72da877aca6ceae0295
9609229,2016-11-22 07:56:07+00:00,1858004,r0fls,COMMENTED,c7da9d5c24020c5d2c22c72da877aca6ceae0295
9370621,2016-11-20 19:05:44+00:00,179599,ThiefMaster,COMMENTED,01c2f4f48dd17cf9ead4a8a3444f1dddb2e9c5ca
9375736,2016-11-20 23:04:53+00:00,179599,ThiefMaster,COMMENTED,ea6ca5f3e3ca3a20a6e8370bbc0e80e5a7a82eda
9375739,2016-11-20 23:04:57+00:00,179599,ThiefMaster,COMMENTED,ea6ca5f3e3ca3a20a6e8370bbc0e80e5a7a82eda
9376123,2016-11-20 23:19:01+00:00,179599,ThiefMaster,COMMENTED,aa7747991ae2ea153707876cd33208e326ed0ae7
6701809,2016-11-01 20:50:21+00:00,1242887,davidism,COMMENTED,3f1addb0c8ebcc1e7925580959f19032950867f4
6702035,2016-11-01 20:51:36+00:00,3705729,alexk307,COMMENTED,3f1addb0c8ebcc1e7925580959f19032950867f4
6710534,2016-11-01 21:39:40+00:00,837573,untitaker,DISMISSED,c7086c8e409d25c17516cae9374a604b272c7563
6734706,2016-11-02 00:58:44+00:00,3705729,alexk307,COMMENTED,c7086c8e409d25c17516cae9374a604b272c7563
6761361,2016-11-02 07:40:21+00:00,156838,RonnyPfannschmidt,COMMENTED,c9c8ca94a5942d46fde28549827f46df70d3f5c4
6806117,2016-11-02 12:53:43+00:00,3705729,alexk307,COMMENTED,c9c8ca94a5942d46fde28549827f46df70d3f5c4
6518736,2016-10-31 20:29:10+00:00,837573,untitaker,CHANGES_REQUESTED,a8761411c0356803f5e33df407d3f142a349d130
6520268,2016-10-31 20:38:09+00:00,3705729,alexk307,COMMENTED,a8761411c0356803f5e33df407d3f142a349d130
6520604,2016-10-31 20:39:48+00:00,837573,untitaker,COMMENTED,a8761411c0356803f5e33df407d3f142a349d130
6522250,2016-10-31 20:48:30+00:00,837573,untitaker,APPROVED,41803926abb25255fcd8f4b74f52b774605204fe
4638011,2016-10-18 10:06:01+00:00,156838,RonnyPfannschmidt,CHANGES_REQUESTED,a3308e764654c95f9903775d8573785ff99d4951
4810371,2016-10-19 06:43:08+00:00,156838,RonnyPfannschmidt,COMMENTED,9919416f7119af1aa3bccf355893afeac931e8ac
4495417,2016-10-17 15:21:05+00:00,156838,RonnyPfannschmidt,COMMENTED,20072b7d09044ba5929706a3ef10ba4e75ea4baa
4503296,2016-10-17 15:57:38+00:00,9998813,infinite-Joy,COMMENTED,20072b7d09044ba5929706a3ef10ba4e75ea4baa
4733288,2016-10-18 18:36:55+00:00,9998813,infinite-Joy,COMMENTED,20072b7d09044ba5929706a3ef10ba4e75ea4baa
36198248,2017-05-04 07:13:48+00:00,837573,untitaker,COMMENTED,87fe58c239f1074f0622b126a832241f2330953c
37716727,2017-05-11 22:31:54+00:00,1242887,davidism,COMMENTED,87fe58c239f1074f0622b126a832241f2330953c
2435788,2016-10-01 17:42:40+00:00,837573,untitaker,CHANGES_REQUESTED,b1bd03a999aa624f8d97efe1f9269d375dfc0e1d
2435885,2016-10-01 17:47:39+00:00,924243,mrecachinas,COMMENTED,b1bd03a999aa624f8d97efe1f9269d375dfc0e1d
2435927,2016-10-01 17:51:21+00:00,837573,untitaker,COMMENTED,b1bd03a999aa624f8d97efe1f9269d375dfc0e1d
2435933,2016-10-01 17:51:52+00:00,837573,untitaker,COMMENTED,b1bd03a999aa624f8d97efe1f9269d375dfc0e1d
2435947,2016-10-01 17:52:46+00:00,924243,mrecachinas,COMMENTED,b1bd03a999aa624f8d97efe1f9269d375dfc0e1d
2436088,2016-10-01 18:02:56+00:00,924243,mrecachinas,COMMENTED,b1bd03a999aa624f8d97efe1f9269d375dfc0e1d
2436096,2016-10-01 18:03:30+00:00,924243,mrecachinas,COMMENTED,b1bd03a999aa624f8d97efe1f9269d375dfc0e1d
2436205,2016-10-01 18:10:21+00:00,837573,untitaker,APPROVED,2ecdec56c3eb27a7356e9e9191e23edfd7ba93c7
2436246,2016-10-01 18:12:51+00:00,837573,untitaker,CHANGES_REQUESTED,2ecdec56c3eb27a7356e9e9191e23edfd7ba93c7
2436284,2016-10-01 18:14:37+00:00,924243,mrecachinas,COMMENTED,2ecdec56c3eb27a7356e9e9191e23edfd7ba93c7
3053118,2016-10-06 06:43:12+00:00,837573,untitaker,CHANGES_REQUESTED,b18fddcf6d1a87364fbca5884e9fe9dd398596a8
3131319,2016-10-06 14:56:07+00:00,924243,mrecachinas,COMMENTED,b18fddcf6d1a87364fbca5884e9fe9dd398596a8
3423671,2016-10-09 10:55:33+00:00,837573,untitaker,CHANGES_REQUESTED,2b3702543c55735711a68b009c883a2f01f53717
3426495,2016-10-09 14:22:39+00:00,924243,mrecachinas,COMMENTED,2b3702543c55735711a68b009c883a2f01f53717
3426504,2016-10-09 14:22:48+00:00,924243,mrecachinas,COMMENTED,2b3702543c55735711a68b009c883a2f01f53717
1133684,2016-09-23 08:52:45+00:00,837573,untitaker,CHANGES_REQUESTED,9b88f305768f56fd4bcd3041c584d8d036b0a2e6
1293627,2016-09-23 09:00:17+00:00,156838,RonnyPfannschmidt,COMMENTED,9b88f305768f56fd4bcd3041c584d8d036b0a2e6
1293921,2016-09-23 09:02:33+00:00,837573,untitaker,COMMENTED,9b88f305768f56fd4bcd3041c584d8d036b0a2e6
1295074,2016-09-23 09:10:36+00:00,1098371,magne4000,COMMENTED,9b88f305768f56fd4bcd3041c584d8d036b0a2e6
1295174,2016-09-23 09:11:23+00:00,1098371,magne4000,COMMENTED,9b88f305768f56fd4bcd3041c584d8d036b0a2e6
1295253,2016-09-23 09:12:01+00:00,837573,untitaker,COMMENTED,9b88f305768f56fd4bcd3041c584d8d036b0a2e6
1296146,2016-09-23 09:17:49+00:00,837573,untitaker,COMMENTED,9b88f305768f56fd4bcd3041c584d8d036b0a2e6
1296462,2016-09-23 09:20:16+00:00,1098371,magne4000,COMMENTED,9b88f305768f56fd4bcd3041c584d8d036b0a2e6
1297054,2016-09-23 09:24:26+00:00,837573,untitaker,COMMENTED,9b88f305768f56fd4bcd3041c584d8d036b0a2e6
1297908,2016-09-23 09:30:42+00:00,156838,RonnyPfannschmidt,COMMENTED,9b88f305768f56fd4bcd3041c584d8d036b0a2e6
1298628,2016-09-23 09:35:24+00:00,1098371,magne4000,COMMENTED,9b88f305768f56fd4bcd3041c584d8d036b0a2e6
1298640,2016-09-23 09:35:28+00:00,837573,untitaker,COMMENTED,9b88f305768f56fd4bcd3041c584d8d036b0a2e6
1299055,2016-09-23 09:38:33+00:00,1098371,magne4000,COMMENTED,9b88f305768f56fd4bcd3041c584d8d036b0a2e6
1299701,2016-09-23 09:42:30+00:00,837573,untitaker,COMMENTED,9b88f305768f56fd4bcd3041c584d8d036b0a2e6
1451716,2016-09-25 12:23:52+00:00,837573,untitaker,APPROVED,9f77b8991655a552507a3c07ab6ebbba3f447ddf
17531674,2017-01-19 19:04:26+00:00,221981,JordanP,COMMENTED,136a833a8d65f2b89c277d9b909fef5f8a4628de
40404871,2017-05-25 22:04:45+00:00,119893,kennethreitz,COMMENTED,136a833a8d65f2b89c277d9b909fef5f8a4628de
40404977,2017-05-25 22:05:25+00:00,119893,kennethreitz,COMMENTED,136a833a8d65f2b89c277d9b909fef5f8a4628de
4460797,2016-10-17 12:16:38+00:00,156838,RonnyPfannschmidt,COMMENTED,516ce59f95a3b5d2fffbcde8abfdf1951e748361
4532666,2016-10-17 18:38:57+00:00,3966553,acatton,COMMENTED,516ce59f95a3b5d2fffbcde8abfdf1951e748361
5413109,2016-10-24 09:29:09+00:00,156838,RonnyPfannschmidt,COMMENTED,516ce59f95a3b5d2fffbcde8abfdf1951e748361
5605287,2016-10-25 08:46:08+00:00,3966553,acatton,COMMENTED,516ce59f95a3b5d2fffbcde8abfdf1951e748361
39652408,2017-05-23 06:32:55+00:00,483314,jeffwidman,APPROVED,4cd0299aff607d0162b7b9a539a45b4df003e60b
531636,2016-09-19 11:30:01+00:00,1098371,magne4000,COMMENTED,f6147f8f47dfac8a02e4b7444fb2d9e4c4e47b75
642585,2016-09-19 21:31:42+00:00,837573,untitaker,COMMENTED,f6147f8f47dfac8a02e4b7444fb2d9e4c4e47b75
691831,2016-09-20 07:24:45+00:00,1098371,magne4000,COMMENTED,f6147f8f47dfac8a02e4b7444fb2d9e4c4e47b75
24305537,2017-02-28 18:01:51+00:00,837573,untitaker,COMMENTED,8bb34bd251f326e1b901c0219cbaf569d22c5711
29320615,2017-03-27 22:39:17+00:00,837573,untitaker,APPROVED,919e5dcd4adcfe7731cb8a02b1a93d18409b08ed
30085193,2017-03-30 19:08:07+00:00,1242887,davidism,APPROVED,67d8d0fdef680eeb8a480c20ef5c9ba519f278d7
9546516,2016-11-21 21:29:15+00:00,179599,ThiefMaster,COMMENTED,7cb919019c230c7322b68af1de6bb0e8a57f58f6
41586707,2017-06-01 19:24:49+00:00,1242887,davidism,COMMENTED,d911c897eecda957a7887e3b47bcd19198e99c2c
32117877,2017-04-11 14:14:21+00:00,1242887,davidism,COMMENTED,5935ee495c3e51d26fa2b33de09d532b310cd263
